2026-02-06 02:56:01 - GET request from user 3 (type: rider)
2026-02-06 02:56:11 - GET request from user 3 (type: rider)
2026-02-06 02:56:19 - GET request from user 3 (type: rider)
Fallback search: 44 rides found
2026-02-06 02:56:19 - GET request from user 3 (type: rider)
Proximity search: 36 rides found
2026-02-06 02:56:19 - GET request from user 3 (type: rider)
Fallback search: 44 rides found
2026-02-06 02:56:19 - GET request from user 3 (type: rider)
Proximity search: 36 rides found
2026-02-06 02:56:29 - GET request from user 3 (type: rider)
Proximity search: 36 rides found
2026-02-06 02:56:39 - GET request from user 3 (type: rider)
Proximity search: 36 rides found
2026-02-06 02:56:45 - GET request from user 3 (type: rider)
Proximity search: 36 rides found
2026-02-06 02:56:49 - GET request from user 3 (type: rider)
Proximity search: 36 rides found
2026-02-06 02:56:59 - GET request from user 3 (type: rider)
Proximity search: 36 rides found
2026-02-06 02:57:09 - GET request from user 3 (type: rider)
Proximity search: 36 rides found
2026-02-06 02:57:19 - GET request from user 3 (type: rider)
Proximity search: 36 rides found
2026-02-06 02:57:29 - GET request from user 3 (type: rider)
Proximity search: 36 rides found
2026-02-06 02:57:39 - GET request from user 3 (type: rider)
Proximity search: 36 rides found
2026-02-06 02:57:45 - GET request from user 3 (type: rider)
Proximity search: 36 rides found
2026-02-06 02:57:49 - GET request from user 3 (type: rider)
Proximity search: 36 rides found
2026-02-06 02:57:59 - GET request from user 3 (type: rider)
Proximity search: 36 rides found
2026-02-06 02:58:09 - GET request from user 3 (type: rider)
Proximity search: 36 rides found
2026-02-06 02:58:19 - GET request from user 3 (type: rider)
Proximity search: 36 rides found
2026-02-06 02:58:29 - GET request from user 3 (type: rider)
Proximity search: 36 rides found
2026-02-06 02:58:39 - GET request from user 3 (type: rider)
Proximity search: 36 rides found
2026-02-06 02:58:45 - GET request from user 3 (type: rider)
Proximity search: 36 rides found
2026-02-06 02:58:49 - GET request from user 3 (type: rider)
Proximity search: 36 rides found
2026-02-06 02:58:54 - GET request from user 3 (type: rider)
Proximity search: 36 rides found
2026-02-06 02:58:54 - GET request from user 3 (type: rider)
Proximity search: 36 rides found
2026-02-06 02:58:58 - GET request from user 3 (type: rider)
Proximity search: 36 rides found
2026-02-06 02:58:58 - GET request from user 3 (type: rider)
Proximity search: 36 rides found
2026-02-06 02:59:08 - GET request from user 3 (type: rider)
Proximity search: 36 rides found
2026-02-06 02:59:18 - GET request from user 3 (type: rider)
Proximity search: 36 rides found
2026-02-06 02:59:28 - GET request from user 3 (type: rider)
Proximity search: 36 rides found
2026-02-06 02:59:38 - GET request from user 3 (type: rider)
Proximity search: 36 rides found
2026-02-06 02:59:45 - GET request from user 3 (type: rider)
Proximity search: 36 rides found
2026-02-06 02:59:48 - GET request from user 3 (type: rider)
Proximity search: 36 rides found
2026-02-06 02:59:58 - GET request from user 3 (type: rider)
2026-02-06 03:00:08 - GET request from user 3 (type: rider)
2026-02-06 03:00:18 - GET request from user 3 (type: rider)
2026-02-06 03:00:28 - GET request from user 3 (type: rider)
2026-02-06 03:00:38 - GET request from user 3 (type: rider)
2026-02-06 03:00:45 - GET request from user 3 (type: rider)
2026-02-06 03:00:48 - GET request from user 3 (type: rider)
2026-02-06 03:00:58 - GET request from user 3 (type: rider)
2026-02-06 03:01:09 - GET request from user 3 (type: rider)
2026-02-06 03:01:18 - GET request from user 3 (type: rider)
2026-02-06 03:01:28 - GET request from user 3 (type: rider)
2026-02-06 03:01:38 - GET request from user 3 (type: rider)
2026-02-06 03:01:41 - GET request from user 3 (type: rider)
2026-02-06 03:01:42 - GET request from user 3 (type: rider)
2026-02-06 03:01:48 - GET request from user 3 (type: rider)
2026-02-06 03:01:58 - GET request from user 3 (type: rider)
2026-02-06 03:02:08 - GET request from user 3 (type: rider)
2026-02-06 03:02:18 - GET request from user 3 (type: rider)
2026-02-06 03:02:28 - GET request from user 3 (type: rider)
2026-02-06 03:02:38 - GET request from user 3 (type: rider)
2026-02-06 03:02:48 - GET request from user 3 (type: rider)
2026-02-06 03:02:58 - GET request from user 3 (type: rider)
2026-02-06 03:03:08 - GET request from user 3 (type: rider)
2026-02-06 03:03:18 - GET request from user 3 (type: rider)
2026-02-06 03:03:28 - GET request from user 3 (type: rider)
2026-02-06 03:03:38 - GET request from user 3 (type: rider)
2026-02-06 03:03:48 - GET request from user 3 (type: rider)
2026-02-06 03:03:58 - GET request from user 3 (type: rider)
2026-02-06 03:04:08 - GET request from user 3 (type: rider)
2026-02-06 03:04:18 - GET request from user 3 (type: rider)
2026-02-06 03:04:28 - GET request from user 3 (type: rider)
2026-02-06 03:04:38 - GET request from user 3 (type: rider)
2026-02-06 03:04:48 - GET request from user 3 (type: rider)
2026-02-06 03:04:58 - GET request from user 3 (type: rider)
2026-02-06 03:05:08 - GET request from user 3 (type: rider)
2026-02-06 03:05:18 - GET request from user 3 (type: rider)
2026-02-06 03:05:28 - GET request from user 3 (type: rider)
2026-02-06 03:05:38 - GET request from user 3 (type: rider)
2026-02-06 03:05:48 - GET request from user 3 (type: rider)
2026-02-06 03:05:58 - GET request from user 3 (type: rider)
2026-02-06 03:06:08 - GET request from user 3 (type: rider)
2026-02-06 03:06:18 - GET request from user 3 (type: rider)
2026-02-06 03:06:28 - GET request from user 3 (type: rider)
2026-02-06 03:06:38 - GET request from user 3 (type: rider)
2026-02-06 03:06:48 - GET request from user 3 (type: rider)
2026-02-06 03:06:58 - GET request from user 3 (type: rider)
2026-02-06 03:07:08 - GET request from user 3 (type: rider)
2026-02-06 03:07:18 - GET request from user 3 (type: rider)
2026-02-06 03:07:28 - GET request from user 3 (type: rider)
2026-02-06 03:07:38 - GET request from user 3 (type: rider)
2026-02-06 03:07:48 - GET request from user 3 (type: rider)
2026-02-06 03:07:58 - GET request from user 3 (type: rider)
2026-02-06 03:08:08 - GET request from user 3 (type: rider)
2026-02-06 03:08:18 - GET request from user 3 (type: rider)
Params: lat=23.81, lng=90.43
Found 8 rides matching criteria.
2026-02-06 03:08:28 - GET request from user 3 (type: rider)
Params: lat=23.81, lng=90.43
Found 8 rides matching criteria.
2026-02-06 03:08:38 - GET request from user 3 (type: rider)
Params: lat=23.81, lng=90.43
Found 8 rides matching criteria.
2026-02-06 03:08:48 - GET request from user 3 (type: rider)
Params: lat=23.81, lng=90.43
Found 8 rides matching criteria.
2026-02-06 03:08:58 - GET request from user 3 (type: rider)
Params: lat=23.81, lng=90.43
Found 8 rides matching criteria.
2026-02-06 03:09:08 - GET request from user 3 (type: rider)
Params: lat=23.81, lng=90.43
Found 8 rides matching criteria.
2026-02-06 03:09:18 - GET request from user 3 (type: rider)
Params: lat=23.81, lng=90.43
Found 8 rides matching criteria.
2026-02-06 03:09:28 - GET request from user 3 (type: rider)
Params: lat=23.81, lng=90.43
Found 8 rides matching criteria.
2026-02-06 03:09:38 - GET request from user 3 (type: rider)
Params: lat=23.81, lng=90.43
Found 8 rides matching criteria.
2026-02-06 03:09:48 - GET request from user 3 (type: rider)
Params: lat=23.81, lng=90.43
Found 8 rides matching criteria.
2026-02-06 03:09:58 - GET request from user 3 (type: rider)
Params: lat=23.81, lng=90.43
Found 8 rides matching criteria.
2026-02-06 03:10:08 - GET request from user 3 (type: rider)
Params: lat=23.81, lng=90.43
Found 8 rides matching criteria.
2026-02-06 03:10:18 - GET request from user 3 (type: rider)
Params: lat=23.81, lng=90.43
Found 8 rides matching criteria.
2026-02-06 03:10:28 - GET request from user 3 (type: rider)
Params: lat=23.81, lng=90.43
Found 8 rides matching criteria.
2026-02-06 03:10:38 - GET request from user 3 (type: rider)
Params: lat=23.81, lng=90.43
Found 8 rides matching criteria.
2026-02-06 03:10:48 - GET request from user 3 (type: rider)
Params: lat=23.81, lng=90.43
Found 8 rides matching criteria.
2026-02-06 03:10:58 - GET request from user 3 (type: rider)
Params: lat=23.81, lng=90.43
Found 8 rides matching criteria.
2026-02-06 03:10:58 - GET request from user 15 (type: customer)
2026-02-06 03:10:58 - GET request from user 15 (type: customer)
2026-02-06 03:11:02 - GET request from user 3 (type: rider)
Params: lat=23.81, lng=90.43
Found 7 rides matching criteria.
2026-02-06 03:11:08 - GET request from user 3 (type: rider)
Params: lat=23.81, lng=90.43
Found 7 rides matching criteria.
2026-02-06 03:11:11 - GET request from user 3 (type: rider)
Params: lat=23.81, lng=90.43
Found 6 rides matching criteria.
2026-02-06 03:11:13 - GET request from user 3 (type: rider)
Params: lat=23.81, lng=90.43
Found 5 rides matching criteria.
2026-02-06 03:11:18 - GET request from user 3 (type: rider)
Params: lat=23.81, lng=90.43
Found 5 rides matching criteria.
2026-02-06 03:11:21 - GET request from user 15 (type: customer)
2026-02-06 03:11:21 - GET request from user 15 (type: customer)
2026-02-06 03:11:21 - GET request from user 15 (type: customer)
2026-02-06 03:11:21 - GET request from user 15 (type: customer)
2026-02-06 03:11:28 - GET request from user 3 (type: rider)
Params: lat=23.81, lng=90.43
Found 5 rides matching criteria.
2026-02-06 03:11:38 - GET request from user 3 (type: rider)
Params: lat=23.81, lng=90.43
Found 5 rides matching criteria.
2026-02-06 03:11:48 - GET request from user 3 (type: rider)
Params: lat=23.81, lng=90.43
Found 5 rides matching criteria.
2026-02-06 03:11:58 - GET request from user 3 (type: rider)
Params: lat=23.81, lng=90.43
Found 5 rides matching criteria.
2026-02-06 03:12:01 - GET request from user 3 (type: rider)
Params: lat=, lng=
Found 5 rides matching criteria.
2026-02-06 03:12:01 - GET request from user 3 (type: rider)
Params: lat=23.81, lng=90.43
Found 5 rides matching criteria.
2026-02-06 03:12:01 - GET request from user 3 (type: rider)
Params: lat=, lng=
Found 5 rides matching criteria.
2026-02-06 03:12:01 - GET request from user 3 (type: rider)
Params: lat=23.81, lng=90.43
Found 5 rides matching criteria.
2026-02-06 03:12:11 - GET request from user 3 (type: rider)
Params: lat=23.81, lng=90.43
Found 5 rides matching criteria.
2026-02-06 03:12:20 - GET request from user 3 (type: rider)
Params: lat=23.81, lng=90.43
Found 5 rides matching criteria.
2026-02-06 03:12:30 - GET request from user 3 (type: rider)
Params: lat=23.81, lng=90.43
Found 5 rides matching criteria.
2026-02-06 03:12:40 - GET request from user 3 (type: rider)
Params: lat=23.81, lng=90.43
Found 5 rides matching criteria.
2026-02-06 03:12:50 - GET request from user 3 (type: rider)
Params: lat=23.81, lng=90.43
Found 5 rides matching criteria.
2026-02-06 03:13:00 - GET request from user 3 (type: rider)
Params: lat=23.81, lng=90.43
Found 5 rides matching criteria.
2026-02-06 03:13:10 - GET request from user 3 (type: rider)
Params: lat=23.81, lng=90.43
Found 5 rides matching criteria.
2026-02-06 03:13:20 - GET request from user 3 (type: rider)
Params: lat=23.81, lng=90.43
Found 5 rides matching criteria.
2026-02-06 03:13:30 - GET request from user 3 (type: rider)
Params: lat=23.81, lng=90.43
Found 5 rides matching criteria.
2026-02-06 03:13:40 - GET request from user 3 (type: rider)
Params: lat=23.81, lng=90.43
Found 5 rides matching criteria.
2026-02-06 03:13:50 - GET request from user 3 (type: rider)
Params: lat=23.81, lng=90.43
Found 5 rides matching criteria.
2026-02-06 03:14:00 - GET request from user 3 (type: rider)
Params: lat=23.81, lng=90.43
Found 5 rides matching criteria.
2026-02-06 03:14:10 - GET request from user 3 (type: rider)
Params: lat=23.81, lng=90.43
Found 5 rides matching criteria.
2026-02-06 03:14:20 - GET request from user 3 (type: rider)
Params: lat=23.81, lng=90.43
Found 5 rides matching criteria.
2026-02-06 03:14:30 - GET request from user 3 (type: rider)
Params: lat=23.81, lng=90.43
Found 5 rides matching criteria.
2026-02-06 03:14:41 - GET request from user 3 (type: rider)
Params: lat=23.81, lng=90.43
Found 5 rides matching criteria.
2026-02-06 03:14:50 - GET request from user 3 (type: rider)
Params: lat=23.81, lng=90.43
Found 5 rides matching criteria.
2026-02-06 03:15:00 - GET request from user 3 (type: rider)
Params: lat=23.81, lng=90.43
Found 5 rides matching criteria.
2026-02-06 03:15:10 - GET request from user 3 (type: rider)
Params: lat=23.81, lng=90.43
Found 5 rides matching criteria.
2026-02-06 03:15:20 - GET request from user 3 (type: rider)
Params: lat=23.81, lng=90.43
Found 5 rides matching criteria.
2026-02-06 03:16:27 - GET request from user 3 (type: rider)
Params: lat=, lng=
Found 5 rides matching criteria.
2026-02-06 03:18:24 - GET request from user 3 (type: rider)
Params: lat=, lng=
Found 5 rides matching criteria.
2026-02-06 03:18:24 - GET request from user 3 (type: rider)
Params: lat=, lng=
Found 5 rides matching criteria.
2026-02-06 03:19:56 - GET request from user 3 (type: rider)
Params: lat=, lng=
Found 5 rides matching criteria.
2026-02-06 03:19:57 - GET request from user 3 (type: rider)
Params: lat=, lng=
Found 5 rides matching criteria.
2026-02-06 03:20:46 - GET request from user 3 (type: rider)
Params: lat=, lng=
Found 5 rides matching criteria.
2026-02-06 03:20:47 - GET request from user 3 (type: rider)
Params: lat=23.81, lng=90.43
Found 5 rides matching criteria.
2026-02-06 03:20:47 - GET request from user 3 (type: rider)
Params: lat=23.81, lng=90.43
Found 5 rides matching criteria.
2026-02-06 03:20:57 - GET request from user 3 (type: rider)
Params: lat=23.81, lng=90.43
Found 5 rides matching criteria.
2026-02-06 03:21:06 - GET request from user 3 (type: rider)
Params: lat=23.81, lng=90.43
Found 5 rides matching criteria.
Ride created successfully for user 15
2026-02-06 03:21:15 - GET request from user 15 (type: customer)
2026-02-06 03:21:15 - GET request from user 15 (type: customer)
2026-02-06 03:21:16 - GET request from user 3 (type: rider)
Params: lat=23.81, lng=90.43
Found 6 rides matching criteria.
2026-02-06 03:21:26 - GET request from user 3 (type: rider)
Params: lat=23.81, lng=90.43
Found 6 rides matching criteria.
2026-02-06 03:21:34 - GET request from user 3 (type: rider)
Params: lat=23.81, lng=90.43
Found 5 rides matching criteria.
2026-02-06 03:21:36 - GET request from user 3 (type: rider)
Params: lat=23.81, lng=90.43
Found 5 rides matching criteria.
2026-02-06 03:21:46 - GET request from user 3 (type: rider)
Params: lat=23.81, lng=90.43
Found 5 rides matching criteria.
2026-02-06 03:21:56 - GET request from user 3 (type: rider)
Params: lat=23.81, lng=90.43
Found 5 rides matching criteria.
2026-02-06 03:22:06 - GET request from user 3 (type: rider)
Params: lat=23.81, lng=90.43
Found 5 rides matching criteria.
2026-02-06 03:22:16 - GET request from user 3 (type: rider)
Params: lat=23.81, lng=90.43
Found 5 rides matching criteria.
2026-02-06 03:22:26 - GET request from user 3 (type: rider)
Params: lat=23.81, lng=90.43
Found 5 rides matching criteria.
2026-02-06 03:22:36 - GET request from user 3 (type: rider)
Params: lat=23.81, lng=90.43
Found 5 rides matching criteria.
2026-02-06 03:22:46 - GET request from user 3 (type: rider)
Params: lat=23.81, lng=90.43
Found 5 rides matching criteria.
2026-02-06 03:22:56 - GET request from user 3 (type: rider)
Params: lat=23.81, lng=90.43
Found 5 rides matching criteria.
2026-02-06 03:23:03 - GET request from user 3 (type: rider)
Params: lat=23.81, lng=90.43
Found 4 rides matching criteria.
2026-02-06 03:23:06 - GET request from user 3 (type: rider)
Params: lat=23.81, lng=90.43
Found 4 rides matching criteria.
2026-02-06 03:23:08 - GET request from user 3 (type: rider)
Params: lat=, lng=
Found 4 rides matching criteria.
2026-02-06 03:23:09 - GET request from user 3 (type: rider)
Params: lat=23.81, lng=90.43
Found 4 rides matching criteria.
2026-02-06 03:23:09 - GET request from user 3 (type: rider)
Params: lat=, lng=
Found 4 rides matching criteria.
2026-02-06 03:23:09 - GET request from user 3 (type: rider)
Params: lat=23.81, lng=90.43
Found 4 rides matching criteria.
2026-02-06 03:23:15 - GET request from user 3 (type: rider)
Params: lat=23.81, lng=90.43
Found 3 rides matching criteria.
2026-02-06 03:23:18 - GET request from user 3 (type: rider)
Params: lat=23.81, lng=90.43
Found 3 rides matching criteria.
2026-02-06 03:23:28 - GET request from user 3 (type: rider)
Params: lat=23.81, lng=90.43
Found 3 rides matching criteria.
2026-02-06 03:23:38 - GET request from user 3 (type: rider)
Params: lat=23.81, lng=90.43
Found 3 rides matching criteria.
2026-02-06 03:23:48 - GET request from user 3 (type: rider)
Params: lat=23.81, lng=90.43
Found 3 rides matching criteria.
2026-02-06 03:23:53 - GET request from user 3 (type: rider)
Params: lat=23.81, lng=90.43
Found 3 rides matching criteria.
2026-02-06 03:23:53 - GET request from user 3 (type: rider)
Params: lat=23.81, lng=90.43
Found 3 rides matching criteria.
2026-02-06 03:23:57 - GET request from user 3 (type: rider)
Params: lat=23.81, lng=90.43
Found 2 rides matching criteria.
2026-02-06 03:23:59 - GET request from user 3 (type: rider)
Params: lat=23.81, lng=90.43
Found 2 rides matching criteria.
2026-02-06 03:23:59 - GET request from user 3 (type: rider)
Params: lat=23.81, lng=90.43
Found 2 rides matching criteria.
2026-02-06 03:24:09 - GET request from user 3 (type: rider)
Params: lat=23.81, lng=90.43
Found 2 rides matching criteria.
2026-02-06 03:24:19 - GET request from user 3 (type: rider)
Params: lat=23.81, lng=90.43
Found 2 rides matching criteria.
2026-02-06 03:24:29 - GET request from user 3 (type: rider)
Params: lat=23.81, lng=90.43
Found 45 rides matching criteria.
2026-02-06 03:24:38 - GET request from user 3 (type: rider)
Params: lat=23.81, lng=90.43
Found 45 rides matching criteria.
2026-02-06 03:24:39 - GET request from user 3 (type: rider)
Params: lat=23.81, lng=90.43
Found 45 rides matching criteria.
2026-02-06 03:24:50 - GET request from user 3 (type: rider)
Params: lat=23.81, lng=90.43
Found 45 rides matching criteria.
2026-02-06 03:24:53 - GET request from user 3 (type: rider)
Params: lat=23.81, lng=90.43
Found 45 rides matching criteria.
2026-02-06 03:24:56 - GET request from user 3 (type: rider)
Params: lat=23.81, lng=90.43
Found 45 rides matching criteria.
2026-02-06 03:24:59 - GET request from user 3 (type: rider)
Params: lat=23.81, lng=90.43
Found 45 rides matching criteria.
2026-02-06 03:25:00 - GET request from user 3 (type: rider)
Params: lat=23.81, lng=90.43
Found 45 rides matching criteria.
2026-02-06 03:25:01 - GET request from user 3 (type: rider)
Params: lat=23.81, lng=90.43
Found 45 rides matching criteria.
2026-02-06 03:25:02 - GET request from user 3 (type: rider)
Params: lat=23.81, lng=90.43
Found 45 rides matching criteria.
2026-02-06 03:25:03 - GET request from user 3 (type: rider)
Params: lat=23.81, lng=90.43
Found 45 rides matching criteria.
2026-02-06 03:25:04 - GET request from user 3 (type: rider)
Params: lat=23.81, lng=90.43
Found 45 rides matching criteria.
2026-02-06 03:25:05 - GET request from user 3 (type: rider)
Params: lat=23.81, lng=90.43
Found 45 rides matching criteria.
2026-02-06 03:25:06 - GET request from user 3 (type: rider)
Params: lat=23.81, lng=90.43
Found 45 rides matching criteria.
2026-02-06 03:25:07 - GET request from user 3 (type: rider)
Params: lat=23.81, lng=90.43
Found 45 rides matching criteria.
2026-02-06 03:25:08 - GET request from user 3 (type: rider)
Params: lat=23.81, lng=90.43
Found 45 rides matching criteria.
2026-02-06 03:25:09 - GET request from user 3 (type: rider)
Params: lat=23.81, lng=90.43
Found 45 rides matching criteria.
2026-02-06 03:25:10 - GET request from user 3 (type: rider)
Params: lat=23.81, lng=90.43
Found 45 rides matching criteria.
2026-02-06 03:25:11 - GET request from user 3 (type: rider)
Params: lat=23.81, lng=90.43
Found 45 rides matching criteria.
2026-02-06 03:25:11 - GET request from user 3 (type: rider)
Params: lat=23.81, lng=90.43
Found 45 rides matching criteria.
2026-02-06 03:25:19 - GET request from user 3 (type: rider)
Params: lat=23.81, lng=90.43
Found 45 rides matching criteria.
2026-02-06 03:25:29 - GET request from user 3 (type: rider)
Params: lat=23.81, lng=90.43
Found 45 rides matching criteria.
2026-02-06 03:25:31 - GET request from user 15 (type: customer)
2026-02-06 03:25:31 - GET request from user 15 (type: customer)
2026-02-06 03:25:31 - GET request from user 15 (type: customer)
2026-02-06 03:25:31 - GET request from user 15 (type: customer)
2026-02-06 03:25:39 - GET request from user 3 (type: rider)
Params: lat=23.81, lng=90.43
Found 45 rides matching criteria.
2026-02-06 03:25:49 - GET request from user 3 (type: rider)
Params: lat=23.81, lng=90.43
Found 45 rides matching criteria.
2026-02-06 03:25:59 - GET request from user 3 (type: rider)
Params: lat=23.81, lng=90.43
Found 45 rides matching criteria.
2026-02-06 03:26:01 - GET request from user 3 (type: rider)
Params: lat=23.81, lng=90.43
Found 45 rides matching criteria.
2026-02-06 03:26:03 - GET request from user 3 (type: rider)
Params: lat=23.81, lng=90.43
Found 45 rides matching criteria.
2026-02-06 03:26:04 - GET request from user 3 (type: rider)
Params: lat=23.81, lng=90.43
Found 45 rides matching criteria.
2026-02-06 03:26:09 - GET request from user 3 (type: rider)
Params: lat=23.81, lng=90.43
Found 45 rides matching criteria.
2026-02-06 03:26:11 - GET request from user 3 (type: rider)
Params: lat=23.81, lng=90.43
Found 45 rides matching criteria.
2026-02-06 03:26:13 - GET request from user 3 (type: rider)
Params: lat=23.81, lng=90.43
Found 45 rides matching criteria.
2026-02-06 03:26:14 - GET request from user 3 (type: rider)
Params: lat=23.81, lng=90.43
Found 45 rides matching criteria.
2026-02-06 03:26:19 - GET request from user 3 (type: rider)
Params: lat=23.81, lng=90.43
Found 45 rides matching criteria.
2026-02-06 03:26:19 - GET request from user 3 (type: rider)
Params: lat=23.81, lng=90.43
Found 45 rides matching criteria.
2026-02-06 03:26:22 - GET request from user 3 (type: rider)
Params: lat=23.81, lng=90.43
Found 45 rides matching criteria.
2026-02-06 03:26:22 - GET request from user 3 (type: rider)
Params: lat=23.81, lng=90.43
Found 45 rides matching criteria.
2026-02-06 03:26:26 - GET request from user 3 (type: rider)
Params: lat=23.81, lng=90.43
Found 45 rides matching criteria.
2026-02-06 03:26:28 - GET request from user 3 (type: rider)
Params: lat=23.81, lng=90.43
Found 45 rides matching criteria.
2026-02-06 03:26:28 - GET request from user 3 (type: rider)
Params: lat=23.81, lng=90.43
Found 45 rides matching criteria.
2026-02-06 03:26:30 - GET request from user 3 (type: rider)
Params: lat=23.81, lng=90.43
Found 45 rides matching criteria.
2026-02-06 03:26:32 - GET request from user 3 (type: rider)
Params: lat=23.81, lng=90.43
Found 45 rides matching criteria.
2026-02-06 03:26:35 - GET request from user 3 (type: rider)
Params: lat=23.81, lng=90.43
Found 45 rides matching criteria.
2026-02-06 03:26:36 - GET request from user 3 (type: rider)
Params: lat=23.81, lng=90.43
Found 45 rides matching criteria.
2026-02-06 03:26:38 - GET request from user 3 (type: rider)
Params: lat=23.81, lng=90.43
Found 45 rides matching criteria.
2026-02-06 03:26:38 - GET request from user 3 (type: rider)
Params: lat=23.81, lng=90.43
Found 45 rides matching criteria.
2026-02-06 03:26:48 - GET request from user 3 (type: rider)
Params: lat=23.81, lng=90.43
Found 45 rides matching criteria.
2026-02-06 03:26:49 - GET request from user 15 (type: customer)
2026-02-06 03:26:49 - GET request from user 15 (type: customer)
2026-02-06 03:26:50 - GET request from user 15 (type: customer)
2026-02-06 03:26:50 - GET request from user 15 (type: customer)
2026-02-06 03:26:58 - GET request from user 3 (type: rider)
Params: lat=23.81, lng=90.43
Found 45 rides matching criteria.
2026-02-06 03:26:59 - GET request from user 15 (type: customer)
2026-02-06 03:27:08 - GET request from user 3 (type: rider)
Params: lat=23.81, lng=90.43
Found 45 rides matching criteria.
2026-02-06 03:27:18 - GET request from user 3 (type: rider)
Params: lat=23.81, lng=90.43
Found 45 rides matching criteria.
2026-02-06 03:27:28 - GET request from user 3 (type: rider)
Params: lat=23.81, lng=90.43
Found 45 rides matching criteria.
2026-02-06 03:27:38 - GET request from user 3 (type: rider)
Params: lat=23.81, lng=90.43
Found 45 rides matching criteria.
2026-02-06 03:27:48 - GET request from user 3 (type: rider)
Params: lat=23.81, lng=90.43
Found 45 rides matching criteria.
2026-02-06 03:27:58 - GET request from user 3 (type: rider)
Params: lat=23.81, lng=90.43
Found 45 rides matching criteria.
2026-02-06 03:28:08 - GET request from user 3 (type: rider)
Params: lat=23.81, lng=90.43
Found 45 rides matching criteria.
2026-02-06 03:28:18 - GET request from user 3 (type: rider)
Params: lat=23.81, lng=90.43
Found 45 rides matching criteria.
2026-02-06 03:28:28 - GET request from user 3 (type: rider)
Params: lat=23.81, lng=90.43
Found 45 rides matching criteria.
2026-02-06 03:28:38 - GET request from user 3 (type: rider)
Params: lat=23.81, lng=90.43
Found 45 rides matching criteria.
2026-02-06 03:28:48 - GET request from user 3 (type: rider)
Params: lat=23.81, lng=90.43
Found 45 rides matching criteria.
2026-02-06 03:28:58 - GET request from user 3 (type: rider)
Params: lat=23.81, lng=90.43
Found 45 rides matching criteria.
2026-02-06 03:29:01 - GET request from user 3 (type: rider)
Params: lat=23.81, lng=90.43
Found 45 rides matching criteria.
2026-02-06 03:29:04 - GET request from user 3 (type: rider)
Params: lat=23.81, lng=90.43
Found 45 rides matching criteria.
2026-02-06 03:29:07 - GET request from user 3 (type: rider)
Params: lat=23.81, lng=90.43
Found 45 rides matching criteria.
2026-02-06 03:29:10 - GET request from user 3 (type: rider)
Params: lat=23.81, lng=90.43
Found 45 rides matching criteria.
2026-02-06 03:29:12 - GET request from user 3 (type: rider)
Params: lat=23.81, lng=90.43
Found 45 rides matching criteria.
2026-02-06 03:29:16 - GET request from user 3 (type: rider)
Params: lat=23.81, lng=90.43
Found 45 rides matching criteria.
2026-02-06 03:29:19 - GET request from user 3 (type: rider)
Params: lat=23.81, lng=90.43
Found 45 rides matching criteria.
2026-02-06 03:29:22 - GET request from user 3 (type: rider)
Params: lat=23.81, lng=90.43
Found 45 rides matching criteria.
2026-02-06 03:29:25 - GET request from user 3 (type: rider)
Params: lat=23.81, lng=90.43
Found 45 rides matching criteria.
2026-02-06 03:29:28 - GET request from user 3 (type: rider)
Params: lat=23.81, lng=90.43
Found 45 rides matching criteria.
2026-02-06 03:29:31 - GET request from user 3 (type: rider)
Params: lat=23.81, lng=90.43
Found 45 rides matching criteria.
2026-02-06 03:29:34 - GET request from user 3 (type: rider)
Params: lat=23.81, lng=90.43
Found 45 rides matching criteria.
2026-02-06 03:29:37 - GET request from user 3 (type: rider)
Params: lat=23.81, lng=90.43
Found 45 rides matching criteria.
2026-02-06 03:29:40 - GET request from user 3 (type: rider)
Params: lat=23.81, lng=90.43
Found 45 rides matching criteria.
2026-02-06 03:29:43 - GET request from user 3 (type: rider)
Params: lat=23.81, lng=90.43
Found 45 rides matching criteria.
2026-02-06 03:29:46 - GET request from user 3 (type: rider)
Params: lat=23.81, lng=90.43
Found 45 rides matching criteria.
2026-02-06 03:29:49 - GET request from user 3 (type: rider)
Params: lat=23.81, lng=90.43
Found 45 rides matching criteria.
2026-02-06 03:29:51 - GET request from user 15 (type: customer)
2026-02-06 03:29:51 - GET request from user 15 (type: customer)
2026-02-06 03:29:52 - GET request from user 3 (type: rider)
Params: lat=23.81, lng=90.43
Found 46 rides matching criteria.
2026-02-06 03:29:55 - GET request from user 3 (type: rider)
Params: lat=23.81, lng=90.43
Found 46 rides matching criteria.
2026-02-06 03:29:55 - GET request from user 3 (type: rider)
Params: lat=23.81, lng=90.43
Found 46 rides matching criteria.
2026-02-06 03:29:58 - GET request from user 3 (type: rider)
Params: lat=23.81, lng=90.43
Found 46 rides matching criteria.
2026-02-06 03:30:01 - GET request from user 3 (type: rider)
Params: lat=23.81, lng=90.43
Found 46 rides matching criteria.
2026-02-06 03:30:04 - GET request from user 3 (type: rider)
Params: lat=23.81, lng=90.43
Found 46 rides matching criteria.
2026-02-06 03:30:07 - GET request from user 3 (type: rider)
Params: lat=23.81, lng=90.43
Found 46 rides matching criteria.
2026-02-06 03:30:10 - GET request from user 3 (type: rider)
Params: lat=23.81, lng=90.43
Found 46 rides matching criteria.
2026-02-06 03:30:13 - GET request from user 3 (type: rider)
Params: lat=23.81, lng=90.43
Found 46 rides matching criteria.
2026-02-06 03:30:16 - GET request from user 3 (type: rider)
Params: lat=23.81, lng=90.43
Found 46 rides matching criteria.
2026-02-06 03:30:19 - GET request from user 3 (type: rider)
Params: lat=23.81, lng=90.43
Found 46 rides matching criteria.
2026-02-06 03:30:19 - GET request from user 15 (type: customer)
2026-02-06 03:30:19 - GET request from user 15 (type: customer)
2026-02-06 03:30:22 - GET request from user 3 (type: rider)
Params: lat=23.81, lng=90.43
Found 46 rides matching criteria.
2026-02-06 03:30:23 - GET request from user 3 (type: rider)
Params: lat=23.81, lng=90.43
Found 46 rides matching criteria.
2026-02-06 03:30:25 - GET request from user 3 (type: rider)
Params: lat=23.81, lng=90.43
Found 46 rides matching criteria.
2026-02-06 03:30:27 - GET request from user 3 (type: rider)
Params: lat=23.81, lng=90.43
Found 46 rides matching criteria.
2026-02-06 03:30:31 - GET request from user 3 (type: rider)
Params: lat=23.81, lng=90.43
Found 46 rides matching criteria.
2026-02-06 03:30:34 - GET request from user 3 (type: rider)
Params: lat=23.81, lng=90.43
Found 46 rides matching criteria.
2026-02-06 03:30:37 - GET request from user 3 (type: rider)
Params: lat=23.81, lng=90.43
Found 46 rides matching criteria.
2026-02-06 03:30:40 - GET request from user 3 (type: rider)
Params: lat=23.81, lng=90.43
Found 46 rides matching criteria.
2026-02-06 03:30:43 - GET request from user 3 (type: rider)
Params: lat=23.81, lng=90.43
Found 46 rides matching criteria.
2026-02-06 03:30:44 - GET request from user 3 (type: rider)
Params: lat=23.81, lng=90.43
Found 46 rides matching criteria.
2026-02-06 03:30:46 - GET request from user 3 (type: rider)
Params: lat=23.81, lng=90.43
Found 46 rides matching criteria.
2026-02-06 03:30:49 - GET request from user 3 (type: rider)
Params: lat=23.81, lng=90.43
Found 46 rides matching criteria.
2026-02-06 03:30:52 - GET request from user 15 (type: customer)
2026-02-06 03:30:52 - GET request from user 3 (type: rider)
Params: lat=23.81, lng=90.43
Found 46 rides matching criteria.
2026-02-06 03:30:52 - GET request from user 15 (type: customer)
2026-02-06 03:30:55 - GET request from user 3 (type: rider)
Params: lat=23.81, lng=90.43
Found 46 rides matching criteria.
2026-02-06 03:30:58 - GET request from user 3 (type: rider)
Params: lat=23.81, lng=90.43
Found 46 rides matching criteria.
2026-02-06 03:31:01 - GET request from user 3 (type: rider)
Params: lat=23.81, lng=90.43
Found 46 rides matching criteria.
2026-02-06 03:31:04 - GET request from user 3 (type: rider)
Params: lat=23.81, lng=90.43
Found 46 rides matching criteria.
2026-02-06 03:31:07 - GET request from user 3 (type: rider)
Params: lat=23.81, lng=90.43
Found 46 rides matching criteria.
2026-02-06 03:31:10 - GET request from user 3 (type: rider)
Params: lat=23.81, lng=90.43
Found 46 rides matching criteria.
2026-02-06 03:31:13 - GET request from user 3 (type: rider)
Params: lat=23.81, lng=90.43
Found 46 rides matching criteria.
2026-02-06 03:31:16 - GET request from user 3 (type: rider)
Params: lat=23.81, lng=90.43
Found 46 rides matching criteria.
2026-02-06 03:31:19 - GET request from user 3 (type: rider)
Params: lat=23.81, lng=90.43
Found 46 rides matching criteria.
2026-02-06 03:31:21 - GET request from user 3 (type: rider)
Params: lat=23.81, lng=90.43
Found 46 rides matching criteria.
2026-02-06 03:31:21 - GET request from user 3 (type: rider)
Params: lat=23.81, lng=90.43
Found 46 rides matching criteria.
2026-02-06 03:31:25 - GET request from user 3 (type: rider)
Params: lat=23.81, lng=90.43
Found 46 rides matching criteria.
2026-02-06 03:31:28 - GET request from user 3 (type: rider)
Params: lat=23.81, lng=90.43
Found 46 rides matching criteria.
2026-02-06 03:31:31 - GET request from user 3 (type: rider)
Params: lat=23.81, lng=90.43
Found 46 rides matching criteria.
2026-02-06 03:31:34 - GET request from user 3 (type: rider)
Params: lat=23.81, lng=90.43
Found 46 rides matching criteria.
2026-02-06 03:31:37 - GET request from user 3 (type: rider)
Params: lat=23.81, lng=90.43
Found 46 rides matching criteria.
2026-02-06 03:31:40 - GET request from user 3 (type: rider)
Params: lat=23.81, lng=90.43
Found 46 rides matching criteria.
2026-02-06 03:31:41 - GET request from user 15 (type: customer)
2026-02-06 03:31:41 - GET request from user 15 (type: customer)
2026-02-06 03:31:43 - GET request from user 3 (type: rider)
Params: lat=23.81, lng=90.43
Found 46 rides matching criteria.
2026-02-06 03:31:46 - GET request from user 3 (type: rider)
Params: lat=23.81, lng=90.43
Found 46 rides matching criteria.
2026-02-06 03:31:49 - GET request from user 3 (type: rider)
Params: lat=23.81, lng=90.43
Found 46 rides matching criteria.
2026-02-06 03:31:52 - GET request from user 3 (type: rider)
Params: lat=23.81, lng=90.43
Found 46 rides matching criteria.
2026-02-06 03:31:55 - GET request from user 3 (type: rider)
Params: lat=23.81, lng=90.43
Found 46 rides matching criteria.
2026-02-06 03:31:58 - GET request from user 3 (type: rider)
Params: lat=23.81, lng=90.43
Found 46 rides matching criteria.
2026-02-06 03:32:01 - GET request from user 3 (type: rider)
Params: lat=23.81, lng=90.43
Found 46 rides matching criteria.
2026-02-06 03:32:04 - GET request from user 3 (type: rider)
Params: lat=23.81, lng=90.43
Found 46 rides matching criteria.
2026-02-06 03:32:07 - GET request from user 3 (type: rider)
Params: lat=23.81, lng=90.43
Found 46 rides matching criteria.
2026-02-06 03:32:10 - GET request from user 3 (type: rider)
Params: lat=23.81, lng=90.43
Found 46 rides matching criteria.
2026-02-06 03:32:13 - GET request from user 3 (type: rider)
Params: lat=23.81, lng=90.43
Found 46 rides matching criteria.
2026-02-06 03:32:16 - GET request from user 3 (type: rider)
Params: lat=23.81, lng=90.43
Found 46 rides matching criteria.
2026-02-06 03:32:19 - GET request from user 3 (type: rider)
Params: lat=23.81, lng=90.43
Found 46 rides matching criteria.
2026-02-06 03:32:22 - GET request from user 3 (type: rider)
Params: lat=23.81, lng=90.43
Found 46 rides matching criteria.
2026-02-06 03:32:25 - GET request from user 3 (type: rider)
Params: lat=23.81, lng=90.43
Found 46 rides matching criteria.
2026-02-06 03:32:28 - GET request from user 3 (type: rider)
Params: lat=23.81, lng=90.43
Found 46 rides matching criteria.
2026-02-06 03:32:31 - GET request from user 3 (type: rider)
Params: lat=23.81, lng=90.43
Found 46 rides matching criteria.
2026-02-06 03:32:34 - GET request from user 3 (type: rider)
Params: lat=23.81, lng=90.43
Found 46 rides matching criteria.
2026-02-06 03:32:37 - GET request from user 3 (type: rider)
Params: lat=23.81, lng=90.43
Found 46 rides matching criteria.
2026-02-06 03:32:40 - GET request from user 3 (type: rider)
Params: lat=23.81, lng=90.43
Found 46 rides matching criteria.
2026-02-06 03:32:43 - GET request from user 3 (type: rider)
Params: lat=23.81, lng=90.43
Found 46 rides matching criteria.
2026-02-06 03:32:46 - GET request from user 3 (type: rider)
Params: lat=23.81, lng=90.43
Found 46 rides matching criteria.
2026-02-06 03:32:47 - GET request from user 3 (type: rider)
Params: lat=23.81, lng=90.43
Found 46 rides matching criteria.
2026-02-06 03:32:47 - GET request from user 3 (type: rider)
Params: lat=23.81, lng=90.43
Found 46 rides matching criteria.
2026-02-06 03:32:48 - GET request from user 3 (type: rider)
Params: lat=23.81, lng=90.43
Found 46 rides matching criteria.
2026-02-06 03:32:49 - GET request from user 3 (type: rider)
Params: lat=23.81, lng=90.43
Found 46 rides matching criteria.
2026-02-06 03:32:49 - GET request from user 3 (type: rider)
Params: lat=23.81, lng=90.43
Found 46 rides matching criteria.
2026-02-06 03:32:50 - GET request from user 3 (type: rider)
Params: lat=23.81, lng=90.43
Found 46 rides matching criteria.
2026-02-06 03:32:50 - GET request from user 3 (type: rider)
Params: lat=23.81, lng=90.43
Found 46 rides matching criteria.
2026-02-06 03:32:50 - GET request from user 3 (type: rider)
Params: lat=23.81, lng=90.43
Found 46 rides matching criteria.
2026-02-06 03:32:51 - GET request from user 3 (type: rider)
Params: lat=23.81, lng=90.43
Found 46 rides matching criteria.
2026-02-06 03:32:52 - GET request from user 3 (type: rider)
Params: lat=23.81, lng=90.43
Found 46 rides matching criteria.
2026-02-06 03:32:52 - GET request from user 3 (type: rider)
Params: lat=23.81, lng=90.43
Found 46 rides matching criteria.
2026-02-06 03:32:53 - GET request from user 3 (type: rider)
Params: lat=23.81, lng=90.43
Found 46 rides matching criteria.
2026-02-06 03:32:53 - GET request from user 3 (type: rider)
Params: lat=23.81, lng=90.43
Found 46 rides matching criteria.
2026-02-06 03:32:54 - GET request from user 3 (type: rider)
Params: lat=23.81, lng=90.43
Found 46 rides matching criteria.
2026-02-06 03:32:54 - GET request from user 3 (type: rider)
Params: lat=23.81, lng=90.43
Found 46 rides matching criteria.
2026-02-06 03:32:55 - GET request from user 3 (type: rider)
Params: lat=23.81, lng=90.43
Found 46 rides matching criteria.
2026-02-06 03:32:55 - GET request from user 3 (type: rider)
Params: lat=23.81, lng=90.43
Found 46 rides matching criteria.
2026-02-06 03:32:56 - GET request from user 3 (type: rider)
Params: lat=23.81, lng=90.43
Found 46 rides matching criteria.
2026-02-06 03:32:56 - GET request from user 3 (type: rider)
Params: lat=23.81, lng=90.43
Found 46 rides matching criteria.
2026-02-06 03:32:56 - GET request from user 3 (type: rider)
Params: lat=23.81, lng=90.43
Found 46 rides matching criteria.
2026-02-06 03:32:57 - GET request from user 3 (type: rider)
Params: lat=23.81, lng=90.43
Found 46 rides matching criteria.
2026-02-06 03:32:58 - GET request from user 3 (type: rider)
Params: lat=23.81, lng=90.43
Found 46 rides matching criteria.
2026-02-06 03:32:58 - GET request from user 3 (type: rider)
Params: lat=23.81, lng=90.43
Found 46 rides matching criteria.
2026-02-06 03:32:59 - GET request from user 3 (type: rider)
Params: lat=23.81, lng=90.43
Found 46 rides matching criteria.
2026-02-06 03:32:59 - GET request from user 3 (type: rider)
Params: lat=23.81, lng=90.43
Found 46 rides matching criteria.
2026-02-06 03:33:00 - GET request from user 3 (type: rider)
Params: lat=23.81, lng=90.43
Found 46 rides matching criteria.
2026-02-06 03:33:00 - GET request from user 3 (type: rider)
Params: lat=23.81, lng=90.43
Found 46 rides matching criteria.
2026-02-06 03:33:01 - GET request from user 3 (type: rider)
Params: lat=23.81, lng=90.43
Found 46 rides matching criteria.
2026-02-06 03:33:01 - GET request from user 3 (type: rider)
Params: lat=23.81, lng=90.43
Found 46 rides matching criteria.
2026-02-06 03:33:02 - GET request from user 3 (type: rider)
Params: lat=23.81, lng=90.43
Found 46 rides matching criteria.
2026-02-06 03:33:02 - GET request from user 3 (type: rider)
Params: lat=23.81, lng=90.43
Found 46 rides matching criteria.
2026-02-06 03:33:03 - GET request from user 3 (type: rider)
Params: lat=23.81, lng=90.43
Found 46 rides matching criteria.
2026-02-06 03:33:03 - GET request from user 3 (type: rider)
Params: lat=23.81, lng=90.43
Found 46 rides matching criteria.
2026-02-06 03:33:03 - GET request from user 3 (type: rider)
Params: lat=23.81, lng=90.43
Found 46 rides matching criteria.
2026-02-06 03:33:04 - GET request from user 3 (type: rider)
Params: lat=23.81, lng=90.43
Found 46 rides matching criteria.
2026-02-06 03:33:05 - GET request from user 3 (type: rider)
Params: lat=23.81, lng=90.43
Found 46 rides matching criteria.
2026-02-06 03:33:05 - GET request from user 3 (type: rider)
Params: lat=23.81, lng=90.43
Found 46 rides matching criteria.
2026-02-06 03:33:06 - GET request from user 3 (type: rider)
Params: lat=23.81, lng=90.43
Found 46 rides matching criteria.
2026-02-06 03:33:06 - GET request from user 3 (type: rider)
Params: lat=23.81, lng=90.43
Found 46 rides matching criteria.
2026-02-06 03:33:06 - GET request from user 3 (type: rider)
Params: lat=23.81, lng=90.43
Found 46 rides matching criteria.
2026-02-06 03:33:07 - GET request from user 3 (type: rider)
Params: lat=23.81, lng=90.43
Found 46 rides matching criteria.
2026-02-06 03:33:08 - GET request from user 3 (type: rider)
Params: lat=23.81, lng=90.43
Found 46 rides matching criteria.
2026-02-06 03:33:08 - GET request from user 3 (type: rider)
Params: lat=23.81, lng=90.43
Found 46 rides matching criteria.
2026-02-06 03:33:09 - GET request from user 3 (type: rider)
Params: lat=23.81, lng=90.43
Found 46 rides matching criteria.
2026-02-06 03:33:09 - GET request from user 3 (type: rider)
Params: lat=23.81, lng=90.43
Found 46 rides matching criteria.
2026-02-06 03:33:10 - GET request from user 3 (type: rider)
Params: lat=23.81, lng=90.43
Found 46 rides matching criteria.
2026-02-06 03:33:10 - GET request from user 3 (type: rider)
Params: lat=23.81, lng=90.43
Found 46 rides matching criteria.
2026-02-06 03:33:10 - GET request from user 3 (type: rider)
Params: lat=23.81, lng=90.43
Found 46 rides matching criteria.
2026-02-06 03:33:11 - GET request from user 3 (type: rider)
Params: lat=23.81, lng=90.43
Found 46 rides matching criteria.
2026-02-06 03:33:12 - GET request from user 3 (type: rider)
Params: lat=23.81, lng=90.43
Found 46 rides matching criteria.
2026-02-06 03:33:12 - GET request from user 3 (type: rider)
Params: lat=23.81, lng=90.43
Found 46 rides matching criteria.
2026-02-06 03:33:13 - GET request from user 3 (type: rider)
Params: lat=23.81, lng=90.43
Found 46 rides matching criteria.
2026-02-06 03:33:13 - GET request from user 3 (type: rider)
Params: lat=23.81, lng=90.43
Found 46 rides matching criteria.
2026-02-06 03:33:14 - GET request from user 3 (type: rider)
Params: lat=23.81, lng=90.43
Found 46 rides matching criteria.
2026-02-06 03:33:14 - GET request from user 3 (type: rider)
Params: lat=23.81, lng=90.43
Found 46 rides matching criteria.
2026-02-06 03:33:15 - GET request from user 3 (type: rider)
Params: lat=23.81, lng=90.43
Found 46 rides matching criteria.
2026-02-06 03:33:15 - GET request from user 3 (type: rider)
Params: lat=23.81, lng=90.43
Found 46 rides matching criteria.
2026-02-06 03:33:16 - GET request from user 3 (type: rider)
Params: lat=23.81, lng=90.43
Found 46 rides matching criteria.
2026-02-06 03:33:16 - GET request from user 3 (type: rider)
Params: lat=23.81, lng=90.43
Found 46 rides matching criteria.
2026-02-06 03:33:17 - GET request from user 3 (type: rider)
Params: lat=23.81, lng=90.43
Found 46 rides matching criteria.
2026-02-06 03:33:17 - GET request from user 3 (type: rider)
Params: lat=23.81, lng=90.43
Found 46 rides matching criteria.
2026-02-06 03:33:18 - GET request from user 3 (type: rider)
Params: lat=23.81, lng=90.43
Found 46 rides matching criteria.
2026-02-06 03:33:18 - GET request from user 3 (type: rider)
Params: lat=23.81, lng=90.43
Found 46 rides matching criteria.
2026-02-06 03:33:19 - GET request from user 3 (type: rider)
Params: lat=23.81, lng=90.43
Found 46 rides matching criteria.
2026-02-06 03:33:19 - GET request from user 3 (type: rider)
Params: lat=23.81, lng=90.43
Found 46 rides matching criteria.
2026-02-06 03:33:20 - GET request from user 3 (type: rider)
Params: lat=23.81, lng=90.43
Found 46 rides matching criteria.
2026-02-06 03:33:20 - GET request from user 3 (type: rider)
Params: lat=23.81, lng=90.43
Found 46 rides matching criteria.
2026-02-06 03:33:21 - GET request from user 3 (type: rider)
Params: lat=23.81, lng=90.43
Found 46 rides matching criteria.
2026-02-06 03:33:21 - GET request from user 3 (type: rider)
Params: lat=23.81, lng=90.43
Found 46 rides matching criteria.
2026-02-06 03:33:22 - GET request from user 3 (type: rider)
Params: lat=23.81, lng=90.43
Found 46 rides matching criteria.
2026-02-06 03:33:22 - GET request from user 3 (type: rider)
Params: lat=23.81, lng=90.43
Found 46 rides matching criteria.
2026-02-06 03:33:23 - GET request from user 3 (type: rider)
Params: lat=23.81, lng=90.43
Found 46 rides matching criteria.
2026-02-06 03:33:23 - GET request from user 3 (type: rider)
Params: lat=23.81, lng=90.43
Found 46 rides matching criteria.
2026-02-06 03:33:24 - GET request from user 3 (type: rider)
Params: lat=23.81, lng=90.43
Found 46 rides matching criteria.
2026-02-06 03:33:24 - GET request from user 3 (type: rider)
Params: lat=23.81, lng=90.43
Found 46 rides matching criteria.
2026-02-06 03:33:25 - GET request from user 3 (type: rider)
Params: lat=23.81, lng=90.43
Found 46 rides matching criteria.
2026-02-06 03:33:25 - GET request from user 3 (type: rider)
Params: lat=23.81, lng=90.43
Found 46 rides matching criteria.
2026-02-06 03:33:26 - GET request from user 3 (type: rider)
Params: lat=23.81, lng=90.43
Found 46 rides matching criteria.
2026-02-06 03:33:26 - GET request from user 3 (type: rider)
Params: lat=23.81, lng=90.43
Found 46 rides matching criteria.
2026-02-06 03:33:27 - GET request from user 3 (type: rider)
Params: lat=23.81, lng=90.43
Found 46 rides matching criteria.
2026-02-06 03:33:27 - GET request from user 3 (type: rider)
Params: lat=23.81, lng=90.43
Found 46 rides matching criteria.
2026-02-06 03:33:28 - GET request from user 3 (type: rider)
Params: lat=23.81, lng=90.43
Found 46 rides matching criteria.
2026-02-06 03:33:28 - GET request from user 3 (type: rider)
Params: lat=23.81, lng=90.43
Found 46 rides matching criteria.
2026-02-06 03:33:29 - GET request from user 3 (type: rider)
Params: lat=23.81, lng=90.43
Found 46 rides matching criteria.
2026-02-06 03:33:29 - GET request from user 3 (type: rider)
Params: lat=23.81, lng=90.43
Found 46 rides matching criteria.
2026-02-06 03:33:30 - GET request from user 3 (type: rider)
Params: lat=23.81, lng=90.43
Found 46 rides matching criteria.
2026-02-06 03:33:30 - GET request from user 3 (type: rider)
Params: lat=23.81, lng=90.43
Found 46 rides matching criteria.
2026-02-06 03:33:30 - GET request from user 3 (type: rider)
Params: lat=23.81, lng=90.43
Found 46 rides matching criteria.
2026-02-06 03:33:31 - GET request from user 3 (type: rider)
Params: lat=23.81, lng=90.43
Found 46 rides matching criteria.
2026-02-06 03:33:32 - GET request from user 3 (type: rider)
Params: lat=23.81, lng=90.43
Found 46 rides matching criteria.
2026-02-06 03:33:32 - GET request from user 3 (type: rider)
Params: lat=23.81, lng=90.43
Found 46 rides matching criteria.
2026-02-06 03:33:33 - GET request from user 3 (type: rider)
Params: lat=23.81, lng=90.43
Found 46 rides matching criteria.
2026-02-06 03:33:33 - GET request from user 3 (type: rider)
Params: lat=23.81, lng=90.43
Found 46 rides matching criteria.
2026-02-06 03:33:34 - GET request from user 3 (type: rider)
Params: lat=23.81, lng=90.43
Found 46 rides matching criteria.
2026-02-06 03:33:34 - GET request from user 15 (type: customer)
2026-02-06 03:33:34 - GET request from user 3 (type: rider)
Params: lat=23.81, lng=90.43
Found 46 rides matching criteria.
2026-02-06 03:33:34 - GET request from user 15 (type: customer)
2026-02-06 03:33:34 - GET request from user 3 (type: rider)
Params: lat=23.81, lng=90.43
Found 46 rides matching criteria.
2026-02-06 03:33:35 - GET request from user 3 (type: rider)
Params: lat=23.81, lng=90.43
Found 46 rides matching criteria.
2026-02-06 03:33:35 - GET request from user 3 (type: rider)
Params: lat=23.81, lng=90.43
Found 46 rides matching criteria.
2026-02-06 03:33:36 - GET request from user 3 (type: rider)
Params: lat=23.81, lng=90.43
Found 46 rides matching criteria.
2026-02-06 03:33:37 - GET request from user 3 (type: rider)
Params: lat=23.81, lng=90.43
Found 46 rides matching criteria.
2026-02-06 03:33:37 - GET request from user 3 (type: rider)
Params: lat=23.81, lng=90.43
Found 46 rides matching criteria.
2026-02-06 03:33:38 - GET request from user 3 (type: rider)
Params: lat=23.81, lng=90.43
Found 46 rides matching criteria.
2026-02-06 03:33:38 - GET request from user 3 (type: rider)
Params: lat=23.81, lng=90.43
Found 46 rides matching criteria.
2026-02-06 03:33:39 - GET request from user 3 (type: rider)
Params: lat=23.81, lng=90.43
Found 46 rides matching criteria.
2026-02-06 03:33:39 - GET request from user 3 (type: rider)
Params: lat=23.81, lng=90.43
Found 46 rides matching criteria.
2026-02-06 03:33:40 - GET request from user 3 (type: rider)
Params: lat=23.81, lng=90.43
Found 46 rides matching criteria.
2026-02-06 03:33:40 - GET request from user 3 (type: rider)
Params: lat=23.81, lng=90.43
Found 46 rides matching criteria.
2026-02-06 03:33:41 - GET request from user 3 (type: rider)
Params: lat=23.81, lng=90.43
Found 46 rides matching criteria.
2026-02-06 03:33:41 - GET request from user 3 (type: rider)
Params: lat=23.81, lng=90.43
Found 46 rides matching criteria.
2026-02-06 03:33:42 - GET request from user 3 (type: rider)
Params: lat=23.81, lng=90.43
Found 46 rides matching criteria.
2026-02-06 03:33:42 - GET request from user 3 (type: rider)
Params: lat=23.81, lng=90.43
Found 46 rides matching criteria.
2026-02-06 03:33:42 - GET request from user 3 (type: rider)
Params: lat=23.81, lng=90.43
Found 46 rides matching criteria.
2026-02-06 03:33:43 - GET request from user 3 (type: rider)
Params: lat=23.81, lng=90.43
Found 46 rides matching criteria.
2026-02-06 03:33:43 - GET request from user 3 (type: rider)
Params: lat=23.81, lng=90.43
Found 46 rides matching criteria.
2026-02-06 03:33:44 - GET request from user 3 (type: rider)
Params: lat=23.81, lng=90.43
Found 46 rides matching criteria.
2026-02-06 03:33:44 - GET request from user 3 (type: rider)
Params: lat=23.81, lng=90.43
Found 46 rides matching criteria.
2026-02-06 03:33:45 - GET request from user 3 (type: rider)
Params: lat=23.81, lng=90.43
Found 46 rides matching criteria.
2026-02-06 03:33:45 - GET request from user 3 (type: rider)
Params: lat=23.81, lng=90.43
Found 46 rides matching criteria.
2026-02-06 03:33:46 - GET request from user 3 (type: rider)
Params: lat=23.81, lng=90.43
Found 46 rides matching criteria.
2026-02-06 03:33:46 - GET request from user 3 (type: rider)
Params: lat=23.81, lng=90.43
Found 46 rides matching criteria.
2026-02-06 03:33:47 - GET request from user 3 (type: rider)
Params: lat=23.81, lng=90.43
Found 46 rides matching criteria.
2026-02-06 03:33:47 - GET request from user 3 (type: rider)
Params: lat=23.81, lng=90.43
Found 46 rides matching criteria.
2026-02-06 03:33:48 - GET request from user 3 (type: rider)
Params: lat=23.81, lng=90.43
Found 46 rides matching criteria.
2026-02-06 03:33:49 - GET request from user 3 (type: rider)
Params: lat=23.81, lng=90.43
Found 46 rides matching criteria.
2026-02-06 03:33:49 - GET request from user 3 (type: rider)
Params: lat=23.81, lng=90.43
Found 46 rides matching criteria.
2026-02-06 03:33:50 - GET request from user 3 (type: rider)
Params: lat=23.81, lng=90.43
Found 46 rides matching criteria.
2026-02-06 03:33:50 - GET request from user 3 (type: rider)
Params: lat=23.81, lng=90.43
Found 46 rides matching criteria.
2026-02-06 03:33:50 - GET request from user 3 (type: rider)
Params: lat=23.81, lng=90.43
Found 46 rides matching criteria.
2026-02-06 03:33:51 - GET request from user 3 (type: rider)
Params: lat=23.81, lng=90.43
Found 46 rides matching criteria.
2026-02-06 03:33:51 - GET request from user 3 (type: rider)
Params: lat=23.81, lng=90.43
Found 46 rides matching criteria.
2026-02-06 03:33:52 - GET request from user 3 (type: rider)
Params: lat=23.81, lng=90.43
Found 46 rides matching criteria.
2026-02-06 03:33:52 - GET request from user 3 (type: rider)
Params: lat=23.81, lng=90.43
Found 46 rides matching criteria.
2026-02-06 03:33:53 - GET request from user 3 (type: rider)
Params: lat=23.81, lng=90.43
Found 46 rides matching criteria.
2026-02-06 03:33:54 - GET request from user 3 (type: rider)
Params: lat=23.81, lng=90.43
Found 46 rides matching criteria.
2026-02-06 03:33:54 - GET request from user 3 (type: rider)
Params: lat=23.81, lng=90.43
Found 46 rides matching criteria.
2026-02-06 03:33:54 - GET request from user 15 (type: customer)
2026-02-06 03:33:55 - GET request from user 3 (type: rider)
Params: lat=23.81, lng=90.43
Found 46 rides matching criteria.
2026-02-06 03:33:55 - GET request from user 15 (type: customer)
2026-02-06 03:33:55 - GET request from user 3 (type: rider)
Params: lat=23.81, lng=90.43
Found 46 rides matching criteria.
2026-02-06 03:33:55 - GET request from user 15 (type: customer)
2026-02-06 03:33:56 - GET request from user 3 (type: rider)
Params: lat=23.81, lng=90.43
Found 46 rides matching criteria.
2026-02-06 03:33:56 - GET request from user 15 (type: customer)
2026-02-06 03:33:56 - GET request from user 3 (type: rider)
Params: lat=23.81, lng=90.43
Found 46 rides matching criteria.
2026-02-06 03:33:56 - GET request from user 15 (type: customer)
2026-02-06 03:33:57 - GET request from user 3 (type: rider)
Params: lat=23.81, lng=90.43
Found 46 rides matching criteria.
2026-02-06 03:33:57 - GET request from user 15 (type: customer)
2026-02-06 03:33:57 - GET request from user 3 (type: rider)
Params: lat=23.81, lng=90.43
Found 46 rides matching criteria.
2026-02-06 03:33:57 - GET request from user 15 (type: customer)
2026-02-06 03:33:58 - GET request from user 3 (type: rider)
Params: lat=23.81, lng=90.43
Found 46 rides matching criteria.
2026-02-06 03:33:58 - GET request from user 15 (type: customer)
2026-02-06 03:33:58 - GET request from user 3 (type: rider)
Params: lat=23.81, lng=90.43
Found 46 rides matching criteria.
2026-02-06 03:33:58 - GET request from user 15 (type: customer)
2026-02-06 03:33:59 - GET request from user 3 (type: rider)
Params: lat=23.81, lng=90.43
Found 46 rides matching criteria.
2026-02-06 03:33:59 - GET request from user 15 (type: customer)
2026-02-06 03:33:59 - GET request from user 3 (type: rider)
Params: lat=23.81, lng=90.43
Found 46 rides matching criteria.
2026-02-06 03:33:59 - GET request from user 15 (type: customer)
2026-02-06 03:34:00 - GET request from user 3 (type: rider)
Params: lat=23.81, lng=90.43
Found 46 rides matching criteria.
2026-02-06 03:34:00 - GET request from user 15 (type: customer)
2026-02-06 03:34:00 - GET request from user 3 (type: rider)
Params: lat=23.81, lng=90.43
Found 46 rides matching criteria.
2026-02-06 03:34:00 - GET request from user 15 (type: customer)
2026-02-06 03:34:00 - GET request from user 3 (type: rider)
Params: lat=23.81, lng=90.43
Found 46 rides matching criteria.
2026-02-06 03:34:01 - GET request from user 15 (type: customer)
2026-02-06 03:34:01 - GET request from user 3 (type: rider)
Params: lat=23.81, lng=90.43
Found 46 rides matching criteria.
2026-02-06 03:34:01 - GET request from user 15 (type: customer)
2026-02-06 03:34:02 - GET request from user 3 (type: rider)
Params: lat=23.81, lng=90.43
Found 46 rides matching criteria.
2026-02-06 03:34:02 - GET request from user 15 (type: customer)
2026-02-06 03:34:02 - GET request from user 3 (type: rider)
Params: lat=23.81, lng=90.43
Found 46 rides matching criteria.
2026-02-06 03:34:02 - GET request from user 15 (type: customer)
2026-02-06 03:34:03 - GET request from user 3 (type: rider)
Params: lat=23.81, lng=90.43
Found 46 rides matching criteria.
2026-02-06 03:34:03 - GET request from user 15 (type: customer)
2026-02-06 03:34:03 - GET request from user 3 (type: rider)
Params: lat=23.81, lng=90.43
Found 46 rides matching criteria.
2026-02-06 03:34:03 - GET request from user 15 (type: customer)
2026-02-06 03:34:03 - GET request from user 3 (type: rider)
Params: lat=23.81, lng=90.43
Found 46 rides matching criteria.
2026-02-06 03:34:04 - GET request from user 15 (type: customer)
2026-02-06 03:34:04 - GET request from user 3 (type: rider)
Params: lat=23.81, lng=90.43
Found 46 rides matching criteria.
2026-02-06 03:34:04 - GET request from user 15 (type: customer)
Ride created successfully for user 15
2026-02-06 03:34:05 - GET request from user 3 (type: rider)
Params: lat=23.81, lng=90.43
Found 47 rides matching criteria.
2026-02-06 03:34:05 - GET request from user 15 (type: customer)
2026-02-06 03:34:05 - GET request from user 3 (type: rider)
Params: lat=23.81, lng=90.43
Found 47 rides matching criteria.
2026-02-06 03:34:05 - GET request from user 15 (type: customer)
2026-02-06 03:34:06 - GET request from user 3 (type: rider)
Params: lat=23.81, lng=90.43
Found 47 rides matching criteria.
2026-02-06 03:34:06 - GET request from user 15 (type: customer)
2026-02-06 03:34:06 - GET request from user 3 (type: rider)
Params: lat=23.81, lng=90.43
Found 47 rides matching criteria.
2026-02-06 03:34:06 - GET request from user 15 (type: customer)
2026-02-06 03:34:06 - GET request from user 15 (type: customer)
2026-02-06 03:34:07 - GET request from user 3 (type: rider)
Params: lat=23.81, lng=90.43
Found 47 rides matching criteria.
2026-02-06 03:34:07 - GET request from user 15 (type: customer)
2026-02-06 03:34:07 - GET request from user 3 (type: rider)
Params: lat=23.81, lng=90.43
Found 47 rides matching criteria.
2026-02-06 03:34:07 - GET request from user 3 (type: rider)
Params: lat=23.81, lng=90.43
Found 47 rides matching criteria.
2026-02-06 03:34:08 - GET request from user 3 (type: rider)
Params: lat=23.81, lng=90.43
Found 47 rides matching criteria.
2026-02-06 03:34:09 - GET request from user 3 (type: rider)
Params: lat=23.81, lng=90.43
Found 47 rides matching criteria.
2026-02-06 03:34:09 - GET request from user 3 (type: rider)
Params: lat=23.81, lng=90.43
Found 47 rides matching criteria.
2026-02-06 03:34:10 - GET request from user 3 (type: rider)
Params: lat=23.81, lng=90.43
Found 47 rides matching criteria.
2026-02-06 03:34:10 - GET request from user 3 (type: rider)
Params: lat=23.81, lng=90.43
Found 47 rides matching criteria.
2026-02-06 03:34:11 - GET request from user 3 (type: rider)
Params: lat=23.81, lng=90.43
Found 47 rides matching criteria.
2026-02-06 03:34:11 - GET request from user 3 (type: rider)
Params: lat=23.81, lng=90.43
Found 47 rides matching criteria.
2026-02-06 03:34:12 - GET request from user 3 (type: rider)
Params: lat=23.81, lng=90.43
Found 47 rides matching criteria.
2026-02-06 03:34:12 - GET request from user 3 (type: rider)
Params: lat=23.81, lng=90.43
Found 47 rides matching criteria.
2026-02-06 03:34:12 - GET request from user 3 (type: rider)
Params: lat=23.81, lng=90.43
Found 47 rides matching criteria.
2026-02-06 03:34:13 - GET request from user 3 (type: rider)
Params: lat=23.81, lng=90.43
Found 47 rides matching criteria.
2026-02-06 03:34:14 - GET request from user 3 (type: rider)
Params: lat=23.81, lng=90.43
Found 47 rides matching criteria.
2026-02-06 03:34:14 - GET request from user 3 (type: rider)
Params: lat=23.81, lng=90.43
Found 47 rides matching criteria.
2026-02-06 03:34:14 - GET request from user 3 (type: rider)
Params: lat=23.81, lng=90.43
Found 47 rides matching criteria.
2026-02-06 03:34:14 - GET request from user 3 (type: rider)
Params: lat=23.81, lng=90.43
Found 47 rides matching criteria.
2026-02-06 03:34:15 - GET request from user 3 (type: rider)
Params: lat=23.81, lng=90.43
Found 47 rides matching criteria.
2026-02-06 03:34:16 - GET request from user 3 (type: rider)
Params: lat=23.81, lng=90.43
Found 47 rides matching criteria.
2026-02-06 03:34:16 - GET request from user 3 (type: rider)
Params: lat=23.81, lng=90.43
Found 47 rides matching criteria.
2026-02-06 03:34:17 - GET request from user 3 (type: rider)
Params: lat=23.81, lng=90.43
Found 47 rides matching criteria.
2026-02-06 03:34:17 - GET request from user 3 (type: rider)
Params: lat=23.81, lng=90.43
Found 47 rides matching criteria.
2026-02-06 03:34:17 - GET request from user 3 (type: rider)
Params: lat=23.81, lng=90.43
Found 47 rides matching criteria.
2026-02-06 03:34:18 - GET request from user 3 (type: rider)
Params: lat=23.81, lng=90.43
Found 47 rides matching criteria.
2026-02-06 03:34:19 - GET request from user 3 (type: rider)
Params: lat=23.81, lng=90.43
Found 47 rides matching criteria.
2026-02-06 03:34:19 - GET request from user 3 (type: rider)
Params: lat=23.81, lng=90.43
Found 47 rides matching criteria.
2026-02-06 03:34:20 - GET request from user 3 (type: rider)
Params: lat=23.81, lng=90.43
Found 47 rides matching criteria.
2026-02-06 03:34:20 - GET request from user 3 (type: rider)
Params: lat=23.81, lng=90.43
Found 47 rides matching criteria.
2026-02-06 03:34:20 - GET request from user 3 (type: rider)
Params: lat=23.81, lng=90.43
Found 47 rides matching criteria.
2026-02-06 03:34:21 - GET request from user 3 (type: rider)
Params: lat=23.81, lng=90.43
Found 47 rides matching criteria.
2026-02-06 03:34:22 - GET request from user 3 (type: rider)
Params: lat=23.81, lng=90.43
Found 47 rides matching criteria.
2026-02-06 03:34:22 - GET request from user 3 (type: rider)
Params: lat=23.81, lng=90.43
Found 47 rides matching criteria.
2026-02-06 03:34:23 - GET request from user 3 (type: rider)
Params: lat=23.81, lng=90.43
Found 47 rides matching criteria.
2026-02-06 03:34:23 - GET request from user 3 (type: rider)
Params: lat=23.81, lng=90.43
Found 47 rides matching criteria.
2026-02-06 03:34:24 - GET request from user 3 (type: rider)
Params: lat=23.81, lng=90.43
Found 47 rides matching criteria.
2026-02-06 03:34:24 - GET request from user 3 (type: rider)
Params: lat=23.81, lng=90.43
Found 47 rides matching criteria.
2026-02-06 03:34:24 - GET request from user 3 (type: rider)
Params: lat=23.81, lng=90.43
Found 47 rides matching criteria.
2026-02-06 03:34:25 - GET request from user 3 (type: rider)
Params: lat=23.81, lng=90.43
Found 47 rides matching criteria.
2026-02-06 03:34:26 - GET request from user 3 (type: rider)
Params: lat=23.81, lng=90.43
Found 47 rides matching criteria.
2026-02-06 03:34:26 - GET request from user 3 (type: rider)
Params: lat=23.81, lng=90.43
Found 47 rides matching criteria.
2026-02-06 03:34:27 - GET request from user 3 (type: rider)
Params: lat=23.81, lng=90.43
Found 47 rides matching criteria.
2026-02-06 03:34:27 - GET request from user 3 (type: rider)
Params: lat=23.81, lng=90.43
Found 47 rides matching criteria.
2026-02-06 03:34:28 - GET request from user 3 (type: rider)
Params: lat=23.81, lng=90.43
Found 47 rides matching criteria.
2026-02-06 03:34:28 - GET request from user 3 (type: rider)
Params: lat=23.81, lng=90.43
Found 47 rides matching criteria.
2026-02-06 03:34:29 - GET request from user 3 (type: rider)
Params: lat=23.81, lng=90.43
Found 47 rides matching criteria.
2026-02-06 03:34:29 - GET request from user 3 (type: rider)
Params: lat=23.81, lng=90.43
Found 47 rides matching criteria.
2026-02-06 03:34:30 - GET request from user 3 (type: rider)
Params: lat=23.81, lng=90.43
Found 47 rides matching criteria.
2026-02-06 03:34:30 - GET request from user 3 (type: rider)
Params: lat=23.81, lng=90.43
Found 47 rides matching criteria.
2026-02-06 03:34:31 - GET request from user 3 (type: rider)
Params: lat=23.81, lng=90.43
Found 47 rides matching criteria.
2026-02-06 03:34:31 - GET request from user 3 (type: rider)
Params: lat=23.81, lng=90.43
Found 47 rides matching criteria.
2026-02-06 03:34:31 - GET request from user 3 (type: rider)
Params: lat=23.81, lng=90.43
Found 47 rides matching criteria.
2026-02-06 03:34:32 - GET request from user 3 (type: rider)
Params: lat=23.81, lng=90.43
Found 47 rides matching criteria.
2026-02-06 03:34:33 - GET request from user 3 (type: rider)
Params: lat=23.81, lng=90.43
Found 47 rides matching criteria.
2026-02-06 03:34:33 - GET request from user 3 (type: rider)
Params: lat=23.81, lng=90.43
Found 47 rides matching criteria.
2026-02-06 03:34:33 - GET request from user 3 (type: rider)
Params: lat=23.81, lng=90.43
Found 47 rides matching criteria.
2026-02-06 03:34:34 - GET request from user 3 (type: rider)
Params: lat=23.81, lng=90.43
Found 47 rides matching criteria.
2026-02-06 03:34:35 - GET request from user 3 (type: rider)
Params: lat=23.81, lng=90.43
Found 47 rides matching criteria.
2026-02-06 03:34:35 - GET request from user 3 (type: rider)
Params: lat=23.81, lng=90.43
Found 47 rides matching criteria.
2026-02-06 03:34:36 - GET request from user 3 (type: rider)
Params: lat=23.81, lng=90.43
Found 47 rides matching criteria.
2026-02-06 03:34:36 - GET request from user 3 (type: rider)
Params: lat=23.81, lng=90.43
Found 47 rides matching criteria.
2026-02-06 03:34:36 - GET request from user 3 (type: rider)
Params: lat=23.81, lng=90.43
Found 47 rides matching criteria.
2026-02-06 03:34:37 - GET request from user 3 (type: rider)
Params: lat=23.81, lng=90.43
Found 47 rides matching criteria.
2026-02-06 03:34:38 - GET request from user 3 (type: rider)
Params: lat=23.81, lng=90.43
Found 47 rides matching criteria.
2026-02-06 03:34:38 - GET request from user 15 (type: customer)
Params: lat=23.81, lng=90.43
Found 47 rides matching criteria.
2026-02-06 03:34:38 - GET request from user 15 (type: customer)
2026-02-06 03:34:39 - GET request from user 3 (type: rider)
Params: lat=23.81, lng=90.43
Found 47 rides matching criteria.
2026-02-06 03:34:39 - GET request from user 3 (type: rider)
Params: lat=23.81, lng=90.43
Found 47 rides matching criteria.
2026-02-06 03:34:39 - GET request from user 3 (type: rider)
Params: lat=23.81, lng=90.43
Found 47 rides matching criteria.
2026-02-06 03:34:40 - GET request from user 15 (type: customer)
2026-02-06 03:34:40 - GET request from user 3 (type: rider)
Params: lat=23.81, lng=90.43
Found 47 rides matching criteria.
2026-02-06 03:34:40 - GET request from user 15 (type: customer)
2026-02-06 03:34:40 - GET request from user 3 (type: rider)
Params: lat=23.81, lng=90.43
Found 47 rides matching criteria.
2026-02-06 03:34:41 - GET request from user 3 (type: rider)
Params: lat=23.81, lng=90.43
Found 47 rides matching criteria.
2026-02-06 03:34:42 - GET request from user 3 (type: rider)
Params: lat=23.81, lng=90.43
Found 47 rides matching criteria.
2026-02-06 03:34:42 - GET request from user 3 (type: rider)
Params: lat=23.81, lng=90.43
Found 47 rides matching criteria.
2026-02-06 03:34:43 - GET request from user 3 (type: rider)
Params: lat=23.81, lng=90.43
Found 47 rides matching criteria.
2026-02-06 03:34:43 - GET request from user 3 (type: rider)
Params: lat=23.81, lng=90.43
Found 47 rides matching criteria.
2026-02-06 03:34:44 - GET request from user 3 (type: rider)
Params: lat=23.81, lng=90.43
Found 47 rides matching criteria.
2026-02-06 03:34:44 - GET request from user 3 (type: rider)
Params: lat=23.81, lng=90.43
Found 47 rides matching criteria.
2026-02-06 03:34:44 - GET request from user 3 (type: rider)
Params: lat=23.81, lng=90.43
Found 47 rides matching criteria.
2026-02-06 03:34:45 - GET request from user 3 (type: rider)
Params: lat=23.81, lng=90.43
Found 47 rides matching criteria.
2026-02-06 03:34:45 - GET request from user 3 (type: rider)
Params: lat=23.81, lng=90.43
Found 47 rides matching criteria.
2026-02-06 03:34:46 - GET request from user 3 (type: rider)
Params: lat=23.81, lng=90.43
Found 47 rides matching criteria.
2026-02-06 03:34:46 - GET request from user 3 (type: rider)
Params: lat=23.81, lng=90.43
Found 47 rides matching criteria.
2026-02-06 03:34:47 - GET request from user 3 (type: rider)
Params: lat=23.81, lng=90.43
Found 47 rides matching criteria.
2026-02-06 03:34:47 - GET request from user 3 (type: rider)
Params: lat=23.81, lng=90.43
Found 47 rides matching criteria.
2026-02-06 03:34:48 - GET request from user 3 (type: rider)
Params: lat=23.81, lng=90.43
Found 47 rides matching criteria.
2026-02-06 03:34:48 - GET request from user 3 (type: rider)
Params: lat=23.81, lng=90.43
Found 47 rides matching criteria.
2026-02-06 03:34:49 - GET request from user 3 (type: rider)
Params: lat=23.81, lng=90.43
Found 47 rides matching criteria.
2026-02-06 03:34:49 - GET request from user 3 (type: rider)
Params: lat=23.81, lng=90.43
Found 47 rides matching criteria.
2026-02-06 03:34:50 - GET request from user 3 (type: rider)
Params: lat=23.81, lng=90.43
Found 47 rides matching criteria.
2026-02-06 03:34:50 - GET request from user 3 (type: rider)
Params: lat=23.81, lng=90.43
Found 47 rides matching criteria.
2026-02-06 03:34:51 - GET request from user 3 (type: rider)
Params: lat=23.81, lng=90.43
Found 47 rides matching criteria.
2026-02-06 03:34:51 - GET request from user 3 (type: rider)
Params: lat=23.81, lng=90.43
Found 47 rides matching criteria.
2026-02-06 03:34:51 - GET request from user 3 (type: rider)
Params: lat=23.81, lng=90.43
Found 47 rides matching criteria.
2026-02-06 03:34:52 - GET request from user 3 (type: rider)
Params: lat=23.81, lng=90.43
Found 47 rides matching criteria.
2026-02-06 03:34:53 - GET request from user 3 (type: rider)
Params: lat=23.81, lng=90.43
Found 47 rides matching criteria.
2026-02-06 03:34:53 - GET request from user 3 (type: rider)
Params: lat=23.81, lng=90.43
Found 47 rides matching criteria.
2026-02-06 03:34:54 - GET request from user 3 (type: rider)
Params: lat=23.81, lng=90.43
Found 47 rides matching criteria.
2026-02-06 03:34:54 - GET request from user 3 (type: rider)
Params: lat=23.81, lng=90.43
Found 47 rides matching criteria.
2026-02-06 03:34:55 - GET request from user 3 (type: rider)
Params: lat=23.81, lng=90.43
Found 47 rides matching criteria.
2026-02-06 03:34:55 - GET request from user 3 (type: rider)
Params: lat=23.81, lng=90.43
Found 47 rides matching criteria.
2026-02-06 03:34:55 - GET request from user 3 (type: rider)
Params: lat=23.81, lng=90.43
Found 47 rides matching criteria.
2026-02-06 03:34:56 - GET request from user 3 (type: rider)
Params: lat=23.81, lng=90.43
Found 47 rides matching criteria.
2026-02-06 03:34:56 - GET request from user 3 (type: rider)
Params: lat=23.81, lng=90.43
Found 47 rides matching criteria.
2026-02-06 03:34:57 - GET request from user 3 (type: rider)
Params: lat=23.81, lng=90.43
Found 47 rides matching criteria.
2026-02-06 03:34:58 - GET request from user 3 (type: rider)
Params: lat=23.81, lng=90.43
Found 47 rides matching criteria.
2026-02-06 03:34:58 - GET request from user 3 (type: rider)
Params: lat=23.81, lng=90.43
Found 47 rides matching criteria.
2026-02-06 03:34:58 - GET request from user 3 (type: rider)
Params: lat=23.81, lng=90.43
Found 47 rides matching criteria.
2026-02-06 03:34:59 - GET request from user 3 (type: rider)
Params: lat=23.81, lng=90.43
Found 47 rides matching criteria.
2026-02-06 03:35:00 - GET request from user 3 (type: rider)
Params: lat=23.81, lng=90.43
Found 47 rides matching criteria.
2026-02-06 03:35:00 - GET request from user 3 (type: rider)
Params: lat=23.81, lng=90.43
Found 47 rides matching criteria.
2026-02-06 03:35:01 - GET request from user 3 (type: rider)
Params: lat=23.81, lng=90.43
Found 47 rides matching criteria.
2026-02-06 03:35:01 - GET request from user 3 (type: rider)
Params: lat=23.81, lng=90.43
Found 47 rides matching criteria.
2026-02-06 03:35:02 - GET request from user 3 (type: rider)
Params: lat=23.81, lng=90.43
Found 47 rides matching criteria.
2026-02-06 03:35:02 - GET request from user 3 (type: rider)
Params: lat=23.81, lng=90.43
Found 47 rides matching criteria.
2026-02-06 03:35:02 - GET request from user 15 (type: customer)
2026-02-06 03:35:02 - GET request from user 3 (type: rider)
Params: lat=23.81, lng=90.43
Found 47 rides matching criteria.
2026-02-06 03:35:03 - GET request from user 15 (type: customer)
2026-02-06 03:35:03 - GET request from user 3 (type: rider)
Params: lat=23.81, lng=90.43
Found 47 rides matching criteria.
2026-02-06 03:35:04 - GET request from user 3 (type: rider)
Params: lat=23.81, lng=90.43
Found 47 rides matching criteria.
2026-02-06 03:35:04 - GET request from user 3 (type: rider)
Params: lat=23.81, lng=90.43
Found 47 rides matching criteria.
2026-02-06 03:35:05 - GET request from user 3 (type: rider)
Params: lat=23.81, lng=90.43
Found 47 rides matching criteria.
2026-02-06 03:35:05 - GET request from user 3 (type: rider)
Params: lat=23.81, lng=90.43
Found 47 rides matching criteria.
2026-02-06 03:35:06 - GET request from user 3 (type: rider)
Params: lat=23.81, lng=90.43
Found 47 rides matching criteria.
2026-02-06 03:35:06 - GET request from user 3 (type: rider)
Params: lat=23.81, lng=90.43
Found 47 rides matching criteria.
2026-02-06 03:35:07 - GET request from user 3 (type: rider)
Params: lat=23.81, lng=90.43
Found 47 rides matching criteria.
2026-02-06 03:35:07 - GET request from user 3 (type: rider)
Params: lat=23.81, lng=90.43
Found 47 rides matching criteria.
2026-02-06 03:35:08 - GET request from user 3 (type: rider)
Params: lat=23.81, lng=90.43
Found 47 rides matching criteria.
2026-02-06 03:35:08 - GET request from user 3 (type: rider)
Params: lat=23.81, lng=90.43
Found 47 rides matching criteria.
2026-02-06 03:35:09 - GET request from user 3 (type: rider)
Params: lat=23.81, lng=90.43
Found 47 rides matching criteria.
2026-02-06 03:35:09 - GET request from user 3 (type: rider)
Params: lat=23.81, lng=90.43
Found 47 rides matching criteria.
2026-02-06 03:35:10 - GET request from user 3 (type: rider)
Params: lat=23.81, lng=90.43
Found 47 rides matching criteria.
2026-02-06 03:35:10 - GET request from user 3 (type: rider)
Params: lat=23.81, lng=90.43
Found 47 rides matching criteria.
2026-02-06 03:35:11 - GET request from user 3 (type: rider)
Params: lat=23.81, lng=90.43
Found 47 rides matching criteria.
2026-02-06 03:35:11 - GET request from user 3 (type: rider)
Params: lat=23.81, lng=90.43
Found 47 rides matching criteria.
2026-02-06 03:35:12 - GET request from user 3 (type: rider)
Params: lat=23.81, lng=90.43
Found 47 rides matching criteria.
2026-02-06 03:35:12 - GET request from user 3 (type: rider)
Params: lat=23.81, lng=90.43
Found 47 rides matching criteria.
2026-02-06 03:35:13 - GET request from user 3 (type: rider)
Params: lat=23.81, lng=90.43
Found 47 rides matching criteria.
2026-02-06 03:35:13 - GET request from user 3 (type: rider)
Params: lat=23.81, lng=90.43
Found 47 rides matching criteria.
2026-02-06 03:35:13 - GET request from user 3 (type: rider)
Params: lat=23.81, lng=90.43
Found 47 rides matching criteria.
2026-02-06 03:35:14 - GET request from user 3 (type: rider)
Params: lat=23.81, lng=90.43
Found 47 rides matching criteria.
2026-02-06 03:35:15 - GET request from user 3 (type: rider)
Params: lat=23.81, lng=90.43
Found 47 rides matching criteria.
2026-02-06 03:35:15 - GET request from user 3 (type: rider)
Params: lat=23.81, lng=90.43
Found 47 rides matching criteria.
2026-02-06 03:35:16 - GET request from user 3 (type: rider)
Params: lat=23.81, lng=90.43
Found 47 rides matching criteria.
2026-02-06 03:35:16 - GET request from user 3 (type: rider)
Params: lat=23.81, lng=90.43
Found 47 rides matching criteria.
2026-02-06 03:35:17 - GET request from user 3 (type: rider)
Params: lat=23.81, lng=90.43
Found 47 rides matching criteria.
2026-02-06 03:35:17 - GET request from user 3 (type: rider)
Params: lat=23.81, lng=90.43
Found 47 rides matching criteria.
2026-02-06 03:35:18 - GET request from user 3 (type: rider)
Params: lat=23.81, lng=90.43
Found 47 rides matching criteria.
2026-02-06 03:35:18 - GET request from user 3 (type: rider)
Params: lat=23.81, lng=90.43
Found 47 rides matching criteria.
2026-02-06 03:35:18 - GET request from user 3 (type: rider)
Params: lat=23.81, lng=90.43
Found 47 rides matching criteria.
2026-02-06 03:35:19 - GET request from user 3 (type: rider)
Params: lat=23.81, lng=90.43
Found 47 rides matching criteria.
2026-02-06 03:35:20 - GET request from user 3 (type: rider)
Params: lat=23.81, lng=90.43
Found 47 rides matching criteria.
2026-02-06 03:35:20 - GET request from user 3 (type: rider)
Params: lat=23.81, lng=90.43
Found 47 rides matching criteria.
2026-02-06 03:35:20 - GET request from user 3 (type: rider)
Params: lat=23.81, lng=90.43
Found 47 rides matching criteria.
2026-02-06 03:35:21 - GET request from user 3 (type: rider)
Params: lat=23.81, lng=90.43
Found 47 rides matching criteria.
2026-02-06 03:35:21 - GET request from user 3 (type: rider)
Params: lat=23.81, lng=90.43
Found 47 rides matching criteria.
2026-02-06 03:35:22 - GET request from user 3 (type: rider)
Params: lat=23.81, lng=90.43
Found 47 rides matching criteria.
2026-02-06 03:35:23 - GET request from user 3 (type: rider)
Params: lat=23.81, lng=90.43
Found 47 rides matching criteria.
2026-02-06 03:35:23 - GET request from user 3 (type: rider)
Params: lat=23.81, lng=90.43
Found 47 rides matching criteria.
2026-02-06 03:35:23 - GET request from user 3 (type: rider)
Params: lat=23.81, lng=90.43
Found 47 rides matching criteria.
2026-02-06 03:35:24 - GET request from user 3 (type: rider)
Params: lat=23.81, lng=90.43
Found 47 rides matching criteria.
2026-02-06 03:35:24 - GET request from user 3 (type: rider)
Params: lat=23.81, lng=90.43
Found 47 rides matching criteria.
2026-02-06 03:35:25 - GET request from user 3 (type: rider)
Params: lat=23.81, lng=90.43
Found 47 rides matching criteria.
2026-02-06 03:35:26 - GET request from user 3 (type: rider)
Params: lat=23.81, lng=90.43
Found 47 rides matching criteria.
2026-02-06 03:35:26 - GET request from user 3 (type: rider)
Params: lat=23.81, lng=90.43
Found 47 rides matching criteria.
2026-02-06 03:35:26 - GET request from user 3 (type: rider)
Params: lat=23.81, lng=90.43
Found 47 rides matching criteria.
2026-02-06 03:35:27 - GET request from user 3 (type: rider)
Params: lat=23.81, lng=90.43
Found 47 rides matching criteria.
2026-02-06 03:35:28 - GET request from user 3 (type: rider)
Params: lat=23.81, lng=90.43
Found 47 rides matching criteria.
2026-02-06 03:35:28 - GET request from user 3 (type: rider)
Params: lat=23.81, lng=90.43
Found 47 rides matching criteria.
2026-02-06 03:35:29 - GET request from user 3 (type: rider)
Params: lat=23.81, lng=90.43
Found 47 rides matching criteria.
2026-02-06 03:35:29 - GET request from user 3 (type: rider)
Params: lat=23.81, lng=90.43
Found 47 rides matching criteria.
2026-02-06 03:35:30 - GET request from user 3 (type: rider)
Params: lat=23.81, lng=90.43
Found 47 rides matching criteria.
2026-02-06 03:35:30 - GET request from user 3 (type: rider)
Params: lat=23.81, lng=90.43
Found 47 rides matching criteria.
2026-02-06 03:35:31 - GET request from user 3 (type: rider)
Params: lat=23.81, lng=90.43
Found 47 rides matching criteria.
2026-02-06 03:35:31 - GET request from user 3 (type: rider)
Params: lat=23.81, lng=90.43
Found 47 rides matching criteria.
2026-02-06 03:35:32 - GET request from user 3 (type: rider)
Params: lat=23.81, lng=90.43
Found 47 rides matching criteria.
2026-02-06 03:35:32 - GET request from user 3 (type: rider)
Params: lat=23.81, lng=90.43
Found 47 rides matching criteria.
2026-02-06 03:35:33 - GET request from user 3 (type: rider)
Params: lat=23.81, lng=90.43
Found 47 rides matching criteria.
2026-02-06 03:35:33 - GET request from user 3 (type: rider)
Params: lat=23.81, lng=90.43
Found 47 rides matching criteria.
2026-02-06 03:35:34 - GET request from user 3 (type: rider)
Params: lat=23.81, lng=90.43
Found 47 rides matching criteria.
2026-02-06 03:35:34 - GET request from user 3 (type: rider)
Params: lat=23.81, lng=90.43
Found 47 rides matching criteria.
2026-02-06 03:35:35 - GET request from user 3 (type: rider)
Params: lat=23.81, lng=90.43
Found 47 rides matching criteria.
2026-02-06 03:35:35 - GET request from user 3 (type: rider)
Params: lat=23.81, lng=90.43
Found 47 rides matching criteria.
2026-02-06 03:35:36 - GET request from user 3 (type: rider)
Params: lat=23.81, lng=90.43
Found 47 rides matching criteria.
2026-02-06 03:35:36 - GET request from user 3 (type: rider)
Params: lat=23.81, lng=90.43
Found 47 rides matching criteria.
2026-02-06 03:35:37 - GET request from user 3 (type: rider)
Params: lat=23.81, lng=90.43
Found 47 rides matching criteria.
2026-02-06 03:35:37 - GET request from user 3 (type: rider)
Params: lat=23.81, lng=90.43
Found 47 rides matching criteria.
2026-02-06 03:35:38 - GET request from user 3 (type: rider)
Params: lat=23.81, lng=90.43
Found 47 rides matching criteria.
2026-02-06 03:35:38 - GET request from user 3 (type: rider)
Params: lat=23.81, lng=90.43
Found 47 rides matching criteria.
2026-02-06 03:35:39 - GET request from user 3 (type: rider)
Params: lat=23.81, lng=90.43
Found 47 rides matching criteria.
2026-02-06 03:35:39 - GET request from user 3 (type: rider)
Params: lat=23.81, lng=90.43
Found 47 rides matching criteria.
2026-02-06 03:35:40 - GET request from user 3 (type: rider)
Params: lat=23.81, lng=90.43
Found 47 rides matching criteria.
2026-02-06 03:35:40 - GET request from user 3 (type: rider)
Params: lat=23.81, lng=90.43
Found 47 rides matching criteria.
2026-02-06 03:35:41 - GET request from user 3 (type: rider)
Params: lat=23.81, lng=90.43
Found 47 rides matching criteria.
2026-02-06 03:35:41 - GET request from user 3 (type: rider)
Params: lat=23.81, lng=90.43
Found 47 rides matching criteria.
2026-02-06 03:35:42 - GET request from user 3 (type: rider)
Params: lat=23.81, lng=90.43
Found 47 rides matching criteria.
2026-02-06 03:35:42 - GET request from user 3 (type: rider)
Params: lat=23.81, lng=90.43
Found 47 rides matching criteria.
2026-02-06 03:35:42 - GET request from user 3 (type: rider)
Params: lat=23.81, lng=90.43
Found 47 rides matching criteria.
2026-02-06 03:35:43 - GET request from user 3 (type: rider)
Params: lat=23.81, lng=90.43
Found 47 rides matching criteria.
2026-02-06 03:35:44 - GET request from user 3 (type: rider)
Params: lat=23.81, lng=90.43
Found 47 rides matching criteria.
2026-02-06 03:35:44 - GET request from user 3 (type: rider)
Params: lat=23.81, lng=90.43
Found 47 rides matching criteria.
2026-02-06 03:35:45 - GET request from user 3 (type: rider)
Params: lat=23.81, lng=90.43
Found 47 rides matching criteria.
2026-02-06 03:35:45 - GET request from user 3 (type: rider)
Params: lat=23.81, lng=90.43
Found 47 rides matching criteria.
2026-02-06 03:35:46 - GET request from user 3 (type: rider)
Params: lat=23.81, lng=90.43
Found 47 rides matching criteria.
2026-02-06 03:35:46 - GET request from user 3 (type: rider)
Params: lat=23.81, lng=90.43
Found 47 rides matching criteria.
2026-02-06 03:35:47 - GET request from user 3 (type: rider)
Params: lat=23.81, lng=90.43
Found 47 rides matching criteria.
2026-02-06 03:35:47 - GET request from user 3 (type: rider)
Params: lat=23.81, lng=90.43
Found 47 rides matching criteria.
2026-02-06 03:35:47 - GET request from user 3 (type: rider)
Params: lat=23.81, lng=90.43
Found 47 rides matching criteria.
2026-02-06 03:35:48 - GET request from user 3 (type: rider)
Params: lat=23.81, lng=90.43
Found 47 rides matching criteria.
2026-02-06 03:35:49 - GET request from user 3 (type: rider)
Params: lat=23.81, lng=90.43
Found 47 rides matching criteria.
2026-02-06 03:35:49 - GET request from user 3 (type: rider)
Params: lat=23.81, lng=90.43
Found 47 rides matching criteria.
2026-02-06 03:35:50 - GET request from user 3 (type: rider)
Params: lat=23.81, lng=90.43
Found 47 rides matching criteria.
2026-02-06 03:35:50 - GET request from user 3 (type: rider)
Params: lat=23.81, lng=90.43
Found 47 rides matching criteria.
2026-02-06 03:35:51 - GET request from user 3 (type: rider)
Params: lat=23.81, lng=90.43
Found 47 rides matching criteria.
2026-02-06 03:35:51 - GET request from user 3 (type: rider)
Params: lat=23.81, lng=90.43
Found 47 rides matching criteria.
2026-02-06 03:35:52 - GET request from user 3 (type: rider)
Params: lat=23.81, lng=90.43
Found 47 rides matching criteria.
2026-02-06 03:35:52 - GET request from user 3 (type: rider)
Params: lat=23.81, lng=90.43
Found 47 rides matching criteria.
2026-02-06 03:35:53 - GET request from user 3 (type: rider)
Params: lat=23.81, lng=90.43
Found 47 rides matching criteria.
2026-02-06 03:35:53 - GET request from user 3 (type: rider)
Params: lat=23.81, lng=90.43
Found 47 rides matching criteria.
2026-02-06 03:35:54 - GET request from user 3 (type: rider)
Params: lat=23.81, lng=90.43
Found 47 rides matching criteria.
2026-02-06 03:35:54 - GET request from user 3 (type: rider)
Params: lat=23.81, lng=90.43
Found 47 rides matching criteria.
2026-02-06 03:35:55 - GET request from user 3 (type: rider)
Params: lat=23.81, lng=90.43
Found 47 rides matching criteria.
2026-02-06 03:35:55 - GET request from user 3 (type: rider)
Params: lat=23.81, lng=90.43
Found 47 rides matching criteria.
2026-02-06 03:35:56 - GET request from user 3 (type: rider)
Params: lat=23.81, lng=90.43
Found 47 rides matching criteria.
2026-02-06 03:35:56 - GET request from user 3 (type: rider)
Params: lat=23.81, lng=90.43
Found 47 rides matching criteria.
2026-02-06 03:35:57 - GET request from user 3 (type: rider)
Params: lat=23.81, lng=90.43
Found 47 rides matching criteria.
2026-02-06 03:35:57 - GET request from user 3 (type: rider)
Params: lat=23.81, lng=90.43
Found 47 rides matching criteria.
2026-02-06 03:35:58 - GET request from user 3 (type: rider)
Params: lat=23.81, lng=90.43
Found 47 rides matching criteria.
2026-02-06 03:35:58 - GET request from user 3 (type: rider)
Params: lat=23.81, lng=90.43
Found 47 rides matching criteria.
2026-02-06 03:35:59 - GET request from user 3 (type: rider)
Params: lat=23.81, lng=90.43
Found 47 rides matching criteria.
2026-02-06 03:35:59 - GET request from user 3 (type: rider)
Params: lat=23.81, lng=90.43
Found 47 rides matching criteria.
2026-02-06 03:36:00 - GET request from user 3 (type: rider)
Params: lat=23.81, lng=90.43
Found 47 rides matching criteria.
2026-02-06 03:36:00 - GET request from user 3 (type: rider)
Params: lat=23.81, lng=90.43
Found 47 rides matching criteria.
2026-02-06 03:36:01 - GET request from user 3 (type: rider)
Params: lat=23.81, lng=90.43
Found 47 rides matching criteria.
2026-02-06 03:36:01 - GET request from user 3 (type: rider)
Params: lat=23.81, lng=90.43
Found 47 rides matching criteria.
2026-02-06 03:36:02 - GET request from user 3 (type: rider)
Params: lat=23.81, lng=90.43
Found 47 rides matching criteria.
2026-02-06 03:36:02 - GET request from user 3 (type: rider)
Params: lat=23.81, lng=90.43
Found 47 rides matching criteria.
2026-02-06 03:36:03 - GET request from user 3 (type: rider)
Params: lat=23.81, lng=90.43
Found 47 rides matching criteria.
2026-02-06 03:36:03 - GET request from user 3 (type: rider)
Params: lat=23.81, lng=90.43
Found 47 rides matching criteria.
2026-02-06 03:36:04 - GET request from user 3 (type: rider)
Params: lat=23.81, lng=90.43
Found 47 rides matching criteria.
2026-02-06 03:36:04 - GET request from user 3 (type: rider)
Params: lat=23.81, lng=90.43
Found 47 rides matching criteria.
2026-02-06 03:36:05 - GET request from user 3 (type: rider)
Params: lat=23.81, lng=90.43
Found 47 rides matching criteria.
2026-02-06 03:36:05 - GET request from user 3 (type: rider)
Params: lat=23.81, lng=90.43
Found 47 rides matching criteria.
2026-02-06 03:36:06 - GET request from user 3 (type: rider)
Params: lat=23.81, lng=90.43
Found 47 rides matching criteria.
2026-02-06 03:36:06 - GET request from user 3 (type: rider)
Params: lat=23.81, lng=90.43
Found 47 rides matching criteria.
2026-02-06 03:36:07 - GET request from user 3 (type: rider)
Params: lat=23.81, lng=90.43
Found 47 rides matching criteria.
2026-02-06 03:36:07 - GET request from user 3 (type: rider)
Params: lat=23.81, lng=90.43
Found 47 rides matching criteria.
2026-02-06 03:36:08 - GET request from user 3 (type: rider)
Params: lat=23.81, lng=90.43
Found 47 rides matching criteria.
2026-02-06 03:36:08 - GET request from user 3 (type: rider)
Params: lat=23.81, lng=90.43
Found 47 rides matching criteria.
2026-02-06 03:36:09 - GET request from user 3 (type: rider)
Params: lat=23.81, lng=90.43
Found 47 rides matching criteria.
2026-02-06 03:36:09 - GET request from user 3 (type: rider)
Params: lat=23.81, lng=90.43
Found 47 rides matching criteria.
2026-02-06 03:36:10 - GET request from user 3 (type: rider)
Params: lat=23.81, lng=90.43
Found 47 rides matching criteria.
2026-02-06 03:36:10 - GET request from user 3 (type: rider)
Params: lat=23.81, lng=90.43
Found 47 rides matching criteria.
2026-02-06 03:36:11 - GET request from user 3 (type: rider)
Params: lat=23.81, lng=90.43
Found 47 rides matching criteria.
2026-02-06 03:36:11 - GET request from user 3 (type: rider)
Params: lat=23.81, lng=90.43
Found 47 rides matching criteria.
2026-02-06 03:36:12 - GET request from user 3 (type: rider)
Params: lat=23.81, lng=90.43
Found 47 rides matching criteria.
2026-02-06 03:36:12 - GET request from user 3 (type: rider)
Params: lat=23.81, lng=90.43
Found 47 rides matching criteria.
2026-02-06 03:36:13 - GET request from user 3 (type: rider)
Params: lat=23.81, lng=90.43
Found 47 rides matching criteria.
2026-02-06 03:36:13 - GET request from user 3 (type: rider)
Params: lat=23.81, lng=90.43
Found 47 rides matching criteria.
2026-02-06 03:36:14 - GET request from user 3 (type: rider)
Params: lat=23.81, lng=90.43
Found 47 rides matching criteria.
2026-02-06 03:36:14 - GET request from user 3 (type: rider)
Params: lat=23.81, lng=90.43
Found 47 rides matching criteria.
2026-02-06 03:36:15 - GET request from user 3 (type: rider)
Params: lat=23.81, lng=90.43
Found 47 rides matching criteria.
2026-02-06 03:36:15 - GET request from user 3 (type: rider)
Params: lat=23.81, lng=90.43
Found 47 rides matching criteria.
2026-02-06 03:36:16 - GET request from user 3 (type: rider)
Params: lat=23.81, lng=90.43
Found 47 rides matching criteria.
2026-02-06 03:36:16 - GET request from user 3 (type: rider)
Params: lat=23.81, lng=90.43
Found 47 rides matching criteria.
2026-02-06 03:36:16 - GET request from user 3 (type: rider)
Params: lat=23.81, lng=90.43
Found 47 rides matching criteria.
2026-02-06 03:36:17 - GET request from user 3 (type: rider)
Params: lat=23.81, lng=90.43
Found 47 rides matching criteria.
2026-02-06 03:36:18 - GET request from user 3 (type: rider)
Params: lat=23.81, lng=90.43
Found 47 rides matching criteria.
2026-02-06 03:36:18 - GET request from user 3 (type: rider)
Params: lat=23.81, lng=90.43
Found 47 rides matching criteria.
2026-02-06 03:36:19 - GET request from user 3 (type: rider)
Params: lat=23.81, lng=90.43
Found 47 rides matching criteria.
2026-02-06 03:36:19 - GET request from user 3 (type: rider)
Params: lat=23.81, lng=90.43
Found 47 rides matching criteria.
2026-02-06 03:36:19 - GET request from user 3 (type: rider)
Params: lat=23.81, lng=90.43
Found 47 rides matching criteria.
2026-02-06 03:36:20 - GET request from user 3 (type: rider)
Params: lat=23.81, lng=90.43
Found 47 rides matching criteria.
2026-02-06 03:36:21 - GET request from user 3 (type: rider)
Params: lat=23.81, lng=90.43
Found 47 rides matching criteria.
2026-02-06 03:36:21 - GET request from user 3 (type: rider)
Params: lat=23.81, lng=90.43
Found 47 rides matching criteria.
2026-02-06 03:36:22 - GET request from user 3 (type: rider)
Params: lat=23.81, lng=90.43
Found 47 rides matching criteria.
2026-02-06 03:36:22 - GET request from user 3 (type: rider)
Params: lat=23.81, lng=90.43
Found 47 rides matching criteria.
2026-02-06 03:36:23 - GET request from user 3 (type: rider)
Params: lat=23.81, lng=90.43
Found 47 rides matching criteria.
2026-02-06 03:36:23 - GET request from user 3 (type: rider)
Params: lat=23.81, lng=90.43
Found 47 rides matching criteria.
2026-02-06 03:36:24 - GET request from user 3 (type: rider)
Params: lat=23.81, lng=90.43
Found 47 rides matching criteria.
2026-02-06 03:36:24 - GET request from user 3 (type: rider)
Params: lat=23.81, lng=90.43
Found 47 rides matching criteria.
2026-02-06 03:36:25 - GET request from user 3 (type: rider)
Params: lat=23.81, lng=90.43
Found 47 rides matching criteria.
2026-02-06 03:36:25 - GET request from user 3 (type: rider)
Params: lat=23.81, lng=90.43
Found 47 rides matching criteria.
2026-02-06 03:36:25 - GET request from user 3 (type: rider)
Params: lat=23.81, lng=90.43
Found 47 rides matching criteria.
2026-02-06 03:36:26 - GET request from user 3 (type: rider)
Params: lat=23.81, lng=90.43
Found 47 rides matching criteria.
2026-02-06 03:36:27 - GET request from user 3 (type: rider)
Params: lat=23.81, lng=90.43
Found 47 rides matching criteria.
2026-02-06 03:36:27 - GET request from user 3 (type: rider)
Params: lat=23.81, lng=90.43
Found 47 rides matching criteria.
2026-02-06 03:36:28 - GET request from user 3 (type: rider)
Params: lat=23.81, lng=90.43
Found 47 rides matching criteria.
2026-02-06 03:36:28 - GET request from user 3 (type: rider)
Params: lat=23.81, lng=90.43
Found 47 rides matching criteria.
2026-02-06 03:36:29 - GET request from user 3 (type: rider)
Params: lat=23.81, lng=90.43
Found 47 rides matching criteria.
2026-02-06 03:36:29 - GET request from user 3 (type: rider)
Params: lat=23.81, lng=90.43
Found 47 rides matching criteria.
2026-02-06 03:36:30 - GET request from user 3 (type: rider)
Params: lat=23.81, lng=90.43
Found 47 rides matching criteria.
2026-02-06 03:36:30 - GET request from user 3 (type: rider)
Params: lat=23.81, lng=90.43
Found 47 rides matching criteria.
2026-02-06 03:36:31 - GET request from user 3 (type: rider)
Params: lat=23.81, lng=90.43
Found 47 rides matching criteria.
2026-02-06 03:36:31 - GET request from user 3 (type: rider)
Params: lat=23.81, lng=90.43
Found 47 rides matching criteria.
2026-02-06 03:36:32 - GET request from user 3 (type: rider)
Params: lat=23.81, lng=90.43
Found 47 rides matching criteria.
2026-02-06 03:36:32 - GET request from user 3 (type: rider)
Params: lat=23.81, lng=90.43
Found 47 rides matching criteria.
2026-02-06 03:36:33 - GET request from user 3 (type: rider)
Params: lat=23.81, lng=90.43
Found 47 rides matching criteria.
2026-02-06 03:36:33 - GET request from user 3 (type: rider)
Params: lat=23.81, lng=90.43
Found 47 rides matching criteria.
2026-02-06 03:36:34 - GET request from user 3 (type: rider)
Params: lat=23.81, lng=90.43
Found 47 rides matching criteria.
2026-02-06 03:36:34 - GET request from user 3 (type: rider)
Params: lat=23.81, lng=90.43
Found 47 rides matching criteria.
2026-02-06 03:36:35 - GET request from user 3 (type: rider)
Params: lat=23.81, lng=90.43
Found 47 rides matching criteria.
2026-02-06 03:36:35 - GET request from user 3 (type: rider)
Params: lat=23.81, lng=90.43
Found 47 rides matching criteria.
2026-02-06 03:36:36 - GET request from user 3 (type: rider)
Params: lat=23.81, lng=90.43
Found 47 rides matching criteria.
2026-02-06 03:36:36 - GET request from user 3 (type: rider)
Params: lat=23.81, lng=90.43
Found 47 rides matching criteria.
2026-02-06 03:36:37 - GET request from user 3 (type: rider)
Params: lat=23.81, lng=90.43
Found 47 rides matching criteria.
2026-02-06 03:36:37 - GET request from user 3 (type: rider)
Params: lat=23.81, lng=90.43
Found 47 rides matching criteria.
2026-02-06 03:36:38 - GET request from user 3 (type: rider)
Params: lat=23.81, lng=90.43
Found 47 rides matching criteria.
2026-02-06 03:36:38 - GET request from user 3 (type: rider)
Params: lat=23.81, lng=90.43
Found 47 rides matching criteria.
2026-02-06 03:36:39 - GET request from user 3 (type: rider)
Params: lat=23.81, lng=90.43
Found 47 rides matching criteria.
2026-02-06 03:36:39 - GET request from user 3 (type: rider)
Params: lat=23.81, lng=90.43
Found 47 rides matching criteria.
2026-02-06 03:36:40 - GET request from user 3 (type: rider)
Params: lat=23.81, lng=90.43
Found 47 rides matching criteria.
2026-02-06 03:36:40 - GET request from user 3 (type: rider)
Params: lat=23.81, lng=90.43
Found 47 rides matching criteria.
2026-02-06 03:36:41 - GET request from user 3 (type: rider)
Params: lat=23.81, lng=90.43
Found 47 rides matching criteria.
2026-02-06 03:36:41 - GET request from user 3 (type: rider)
Params: lat=23.81, lng=90.43
Found 47 rides matching criteria.
2026-02-06 03:36:42 - GET request from user 3 (type: rider)
Params: lat=23.81, lng=90.43
Found 47 rides matching criteria.
2026-02-06 03:36:42 - GET request from user 3 (type: rider)
Params: lat=23.81, lng=90.43
Found 47 rides matching criteria.
2026-02-06 03:36:43 - GET request from user 3 (type: rider)
Params: lat=23.81, lng=90.43
Found 47 rides matching criteria.
2026-02-06 03:36:43 - GET request from user 3 (type: rider)
Params: lat=23.81, lng=90.43
Found 47 rides matching criteria.
2026-02-06 03:36:44 - GET request from user 3 (type: rider)
Params: lat=23.81, lng=90.43
Found 47 rides matching criteria.
2026-02-06 03:36:44 - GET request from user 3 (type: rider)
Params: lat=23.81, lng=90.43
Found 47 rides matching criteria.
2026-02-06 03:36:45 - GET request from user 3 (type: rider)
Params: lat=23.81, lng=90.43
Found 47 rides matching criteria.
2026-02-06 03:36:45 - GET request from user 3 (type: rider)
Params: lat=23.81, lng=90.43
Found 47 rides matching criteria.
2026-02-06 03:36:46 - GET request from user 3 (type: rider)
Params: lat=23.81, lng=90.43
Found 47 rides matching criteria.
2026-02-06 03:36:46 - GET request from user 3 (type: rider)
Params: lat=23.81, lng=90.43
Found 47 rides matching criteria.
2026-02-06 03:36:47 - GET request from user 3 (type: rider)
Params: lat=23.81, lng=90.43
Found 47 rides matching criteria.
2026-02-06 03:36:47 - GET request from user 3 (type: rider)
Params: lat=23.81, lng=90.43
Found 47 rides matching criteria.
2026-02-06 03:36:47 - GET request from user 3 (type: rider)
Params: lat=23.81, lng=90.43
Found 47 rides matching criteria.
2026-02-06 03:36:48 - GET request from user 3 (type: rider)
Params: lat=23.81, lng=90.43
Found 47 rides matching criteria.
2026-02-06 03:36:48 - GET request from user 3 (type: rider)
Params: lat=23.81, lng=90.43
Found 47 rides matching criteria.
2026-02-06 03:36:49 - GET request from user 3 (type: rider)
Params: lat=23.81, lng=90.43
Found 47 rides matching criteria.
2026-02-06 03:36:49 - GET request from user 3 (type: rider)
Params: lat=23.81, lng=90.43
Found 47 rides matching criteria.
2026-02-06 03:36:49 - GET request from user 3 (type: rider)
Params: lat=23.81, lng=90.43
Found 47 rides matching criteria.
2026-02-06 03:36:50 - GET request from user 3 (type: rider)
Params: lat=23.81, lng=90.43
Found 47 rides matching criteria.
2026-02-06 03:36:50 - GET request from user 3 (type: rider)
Params: lat=23.81, lng=90.43
Found 47 rides matching criteria.
2026-02-06 03:36:51 - GET request from user 3 (type: rider)
Params: lat=23.81, lng=90.43
Found 47 rides matching criteria.
2026-02-06 03:36:51 - GET request from user 3 (type: rider)
Params: lat=23.81, lng=90.43
Found 47 rides matching criteria.
2026-02-06 03:36:52 - GET request from user 3 (type: rider)
Params: lat=23.81, lng=90.43
Found 47 rides matching criteria.
2026-02-06 03:36:52 - GET request from user 3 (type: rider)
Params: lat=23.81, lng=90.43
Found 47 rides matching criteria.
2026-02-06 03:36:53 - GET request from user 3 (type: rider)
Params: lat=23.81, lng=90.43
Found 47 rides matching criteria.
2026-02-06 03:36:53 - GET request from user 3 (type: rider)
Params: lat=23.81, lng=90.43
Found 47 rides matching criteria.
2026-02-06 03:36:54 - GET request from user 3 (type: rider)
Params: lat=23.81, lng=90.43
Found 47 rides matching criteria.
2026-02-06 03:36:54 - GET request from user 3 (type: rider)
Params: lat=23.81, lng=90.43
Found 47 rides matching criteria.
2026-02-06 03:36:55 - GET request from user 3 (type: rider)
Params: lat=23.81, lng=90.43
Found 47 rides matching criteria.
2026-02-06 03:36:55 - GET request from user 3 (type: rider)
Params: lat=23.81, lng=90.43
Found 47 rides matching criteria.
2026-02-06 03:36:56 - GET request from user 3 (type: rider)
Params: lat=23.81, lng=90.43
Found 47 rides matching criteria.
2026-02-06 03:36:56 - GET request from user 3 (type: rider)
Params: lat=23.81, lng=90.43
Found 47 rides matching criteria.
2026-02-06 03:36:57 - GET request from user 3 (type: rider)
Params: lat=23.81, lng=90.43
Found 47 rides matching criteria.
2026-02-06 03:36:57 - GET request from user 3 (type: rider)
Params: lat=23.81, lng=90.43
Found 47 rides matching criteria.
2026-02-06 03:36:58 - GET request from user 3 (type: rider)
Params: lat=23.81, lng=90.43
Found 47 rides matching criteria.
2026-02-06 03:36:58 - GET request from user 3 (type: rider)
Params: lat=23.81, lng=90.43
Found 47 rides matching criteria.
2026-02-06 03:36:59 - GET request from user 3 (type: rider)
Params: lat=23.81, lng=90.43
Found 47 rides matching criteria.
2026-02-06 03:36:59 - GET request from user 3 (type: rider)
Params: lat=23.81, lng=90.43
Found 47 rides matching criteria.
2026-02-06 03:37:00 - GET request from user 3 (type: rider)
Params: lat=23.81, lng=90.43
Found 47 rides matching criteria.
2026-02-06 03:37:00 - GET request from user 3 (type: rider)
Params: lat=23.81, lng=90.43
Found 47 rides matching criteria.
2026-02-06 03:37:01 - GET request from user 3 (type: rider)
Params: lat=23.81, lng=90.43
Found 47 rides matching criteria.
2026-02-06 03:37:01 - GET request from user 3 (type: rider)
Params: lat=23.81, lng=90.43
Found 47 rides matching criteria.
2026-02-06 03:37:02 - GET request from user 3 (type: rider)
Params: lat=23.81, lng=90.43
Found 47 rides matching criteria.
2026-02-06 03:37:02 - GET request from user 3 (type: rider)
Params: lat=23.81, lng=90.43
Found 47 rides matching criteria.
2026-02-06 03:37:03 - GET request from user 3 (type: rider)
Params: lat=23.81, lng=90.43
Found 47 rides matching criteria.
2026-02-06 03:37:03 - GET request from user 3 (type: rider)
Params: lat=23.81, lng=90.43
Found 47 rides matching criteria.
2026-02-06 03:37:04 - GET request from user 3 (type: rider)
Params: lat=23.81, lng=90.43
Found 47 rides matching criteria.
2026-02-06 03:37:04 - GET request from user 3 (type: rider)
Params: lat=23.81, lng=90.43
Found 47 rides matching criteria.
2026-02-06 03:37:05 - GET request from user 3 (type: rider)
Params: lat=23.81, lng=90.43
Found 47 rides matching criteria.
2026-02-06 03:37:05 - GET request from user 3 (type: rider)
Params: lat=23.81, lng=90.43
Found 47 rides matching criteria.
2026-02-06 03:37:06 - GET request from user 3 (type: rider)
Params: lat=23.81, lng=90.43
Found 47 rides matching criteria.
2026-02-06 03:37:06 - GET request from user 3 (type: rider)
Params: lat=23.81, lng=90.43
Found 47 rides matching criteria.
2026-02-06 03:37:07 - GET request from user 3 (type: rider)
Params: lat=23.81, lng=90.43
Found 47 rides matching criteria.
2026-02-06 03:37:07 - GET request from user 3 (type: rider)
Params: lat=23.81, lng=90.43
Found 47 rides matching criteria.
2026-02-06 03:37:08 - GET request from user 3 (type: rider)
Params: lat=23.81, lng=90.43
Found 47 rides matching criteria.
2026-02-06 03:37:08 - GET request from user 3 (type: rider)
Params: lat=23.81, lng=90.43
Found 47 rides matching criteria.
2026-02-06 03:37:09 - GET request from user 3 (type: rider)
Params: lat=23.81, lng=90.43
Found 47 rides matching criteria.
2026-02-06 03:37:09 - GET request from user 3 (type: rider)
Params: lat=23.81, lng=90.43
Found 47 rides matching criteria.
2026-02-06 03:37:10 - GET request from user 3 (type: rider)
Params: lat=23.81, lng=90.43
Found 47 rides matching criteria.
2026-02-06 03:37:10 - GET request from user 3 (type: rider)
Params: lat=23.81, lng=90.43
Found 47 rides matching criteria.
2026-02-06 03:37:11 - GET request from user 3 (type: rider)
Params: lat=23.81, lng=90.43
Found 47 rides matching criteria.
2026-02-06 03:37:11 - GET request from user 3 (type: rider)
Params: lat=23.81, lng=90.43
Found 47 rides matching criteria.
2026-02-06 03:37:12 - GET request from user 3 (type: rider)
Params: lat=23.81, lng=90.43
Found 47 rides matching criteria.
2026-02-06 03:37:12 - GET request from user 3 (type: rider)
Params: lat=23.81, lng=90.43
Found 47 rides matching criteria.
2026-02-06 03:37:13 - GET request from user 3 (type: rider)
Params: lat=23.81, lng=90.43
Found 47 rides matching criteria.
2026-02-06 03:37:13 - GET request from user 3 (type: rider)
Params: lat=23.81, lng=90.43
Found 47 rides matching criteria.
2026-02-06 03:37:14 - GET request from user 3 (type: rider)
Params: lat=23.81, lng=90.43
Found 47 rides matching criteria.
2026-02-06 03:37:14 - GET request from user 3 (type: rider)
Params: lat=23.81, lng=90.43
Found 47 rides matching criteria.
2026-02-06 03:37:15 - GET request from user 3 (type: rider)
Params: lat=23.81, lng=90.43
Found 47 rides matching criteria.
2026-02-06 03:37:15 - GET request from user 3 (type: rider)
Params: lat=23.81, lng=90.43
Found 47 rides matching criteria.
2026-02-06 03:37:16 - GET request from user 3 (type: rider)
Params: lat=23.81, lng=90.43
Found 47 rides matching criteria.
2026-02-06 03:37:16 - GET request from user 3 (type: rider)
Params: lat=23.81, lng=90.43
Found 47 rides matching criteria.
2026-02-06 03:37:17 - GET request from user 3 (type: rider)
Params: lat=23.81, lng=90.43
Found 47 rides matching criteria.
2026-02-06 03:37:17 - GET request from user 3 (type: rider)
Params: lat=23.81, lng=90.43
Found 47 rides matching criteria.
2026-02-06 03:37:18 - GET request from user 3 (type: rider)
Params: lat=23.81, lng=90.43
Found 47 rides matching criteria.
2026-02-06 03:37:18 - GET request from user 3 (type: rider)
Params: lat=23.81, lng=90.43
Found 47 rides matching criteria.
2026-02-06 03:37:19 - GET request from user 3 (type: rider)
Params: lat=23.81, lng=90.43
Found 47 rides matching criteria.
2026-02-06 03:37:19 - GET request from user 3 (type: rider)
Params: lat=23.81, lng=90.43
Found 47 rides matching criteria.
2026-02-06 03:37:20 - GET request from user 3 (type: rider)
Params: lat=23.81, lng=90.43
Found 47 rides matching criteria.
2026-02-06 03:37:20 - GET request from user 3 (type: rider)
Params: lat=23.81, lng=90.43
Found 47 rides matching criteria.
2026-02-06 03:37:21 - GET request from user 3 (type: rider)
Params: lat=23.81, lng=90.43
Found 47 rides matching criteria.
2026-02-06 03:37:21 - GET request from user 3 (type: rider)
Params: lat=23.81, lng=90.43
Found 47 rides matching criteria.
2026-02-06 03:37:22 - GET request from user 3 (type: rider)
Params: lat=23.81, lng=90.43
Found 47 rides matching criteria.
2026-02-06 03:37:22 - GET request from user 3 (type: rider)
Params: lat=23.81, lng=90.43
Found 47 rides matching criteria.
2026-02-06 03:37:23 - GET request from user 3 (type: rider)
Params: lat=23.81, lng=90.43
Found 47 rides matching criteria.
2026-02-06 03:37:23 - GET request from user 3 (type: rider)
Params: lat=23.81, lng=90.43
Found 47 rides matching criteria.
2026-02-06 03:37:24 - GET request from user 3 (type: rider)
Params: lat=23.81, lng=90.43
Found 47 rides matching criteria.
2026-02-06 03:37:24 - GET request from user 3 (type: rider)
Params: lat=23.81, lng=90.43
Found 47 rides matching criteria.
2026-02-06 03:37:25 - GET request from user 3 (type: rider)
Params: lat=23.81, lng=90.43
Found 47 rides matching criteria.
2026-02-06 03:37:25 - GET request from user 3 (type: rider)
Params: lat=23.81, lng=90.43
Found 47 rides matching criteria.
2026-02-06 03:37:26 - GET request from user 3 (type: rider)
Params: lat=23.81, lng=90.43
Found 47 rides matching criteria.
2026-02-06 03:37:26 - GET request from user 3 (type: rider)
Params: lat=23.81, lng=90.43
Found 47 rides matching criteria.
2026-02-06 03:37:27 - GET request from user 3 (type: rider)
Params: lat=23.81, lng=90.43
Found 47 rides matching criteria.
2026-02-06 03:37:27 - GET request from user 3 (type: rider)
Params: lat=23.81, lng=90.43
Found 47 rides matching criteria.
2026-02-06 03:37:28 - GET request from user 3 (type: rider)
Params: lat=23.81, lng=90.43
Found 47 rides matching criteria.
2026-02-06 03:37:28 - GET request from user 3 (type: rider)
Params: lat=23.81, lng=90.43
Found 47 rides matching criteria.
2026-02-06 03:37:29 - GET request from user 3 (type: rider)
Params: lat=23.81, lng=90.43
Found 47 rides matching criteria.
2026-02-06 03:37:29 - GET request from user 3 (type: rider)
Params: lat=23.81, lng=90.43
Found 47 rides matching criteria.
2026-02-06 03:37:30 - GET request from user 3 (type: rider)
Params: lat=23.81, lng=90.43
Found 47 rides matching criteria.
2026-02-06 03:37:30 - GET request from user 3 (type: rider)
Params: lat=23.81, lng=90.43
Found 47 rides matching criteria.
2026-02-06 03:37:31 - GET request from user 3 (type: rider)
Params: lat=23.81, lng=90.43
Found 47 rides matching criteria.
2026-02-06 03:37:31 - GET request from user 3 (type: rider)
Params: lat=23.81, lng=90.43
Found 47 rides matching criteria.
2026-02-06 03:37:31 - GET request from user 3 (type: rider)
Params: lat=23.81, lng=90.43
Found 47 rides matching criteria.
2026-02-06 03:37:32 - GET request from user 3 (type: rider)
Params: lat=23.81, lng=90.43
Found 47 rides matching criteria.
2026-02-06 03:37:32 - GET request from user 3 (type: rider)
Params: lat=23.81, lng=90.43
Found 47 rides matching criteria.
2026-02-06 03:37:33 - GET request from user 3 (type: rider)
Params: lat=23.81, lng=90.43
Found 47 rides matching criteria.
2026-02-06 03:37:33 - GET request from user 3 (type: rider)
Params: lat=23.81, lng=90.43
Found 47 rides matching criteria.
2026-02-06 03:37:34 - GET request from user 3 (type: rider)
Params: lat=23.81, lng=90.43
Found 47 rides matching criteria.
2026-02-06 03:37:34 - GET request from user 3 (type: rider)
Params: lat=23.81, lng=90.43
Found 47 rides matching criteria.
2026-02-06 03:37:35 - GET request from user 3 (type: rider)
Params: lat=23.81, lng=90.43
Found 47 rides matching criteria.
2026-02-06 03:37:35 - GET request from user 3 (type: rider)
Params: lat=23.81, lng=90.43
Found 47 rides matching criteria.
2026-02-06 03:37:36 - GET request from user 3 (type: rider)
Params: lat=23.81, lng=90.43
Found 47 rides matching criteria.
2026-02-06 03:37:36 - GET request from user 3 (type: rider)
Params: lat=23.81, lng=90.43
Found 47 rides matching criteria.
2026-02-06 03:37:37 - GET request from user 3 (type: rider)
Params: lat=23.81, lng=90.43
Found 47 rides matching criteria.
2026-02-06 03:37:37 - GET request from user 3 (type: rider)
Params: lat=23.81, lng=90.43
Found 47 rides matching criteria.
2026-02-06 03:37:38 - GET request from user 3 (type: rider)
Params: lat=23.81, lng=90.43
Found 47 rides matching criteria.
2026-02-06 03:37:38 - GET request from user 3 (type: rider)
Params: lat=23.81, lng=90.43
Found 47 rides matching criteria.
2026-02-06 03:37:39 - GET request from user 3 (type: rider)
Params: lat=23.81, lng=90.43
Found 47 rides matching criteria.
2026-02-06 03:37:39 - GET request from user 3 (type: rider)
Params: lat=23.81, lng=90.43
Found 47 rides matching criteria.
2026-02-06 03:37:40 - GET request from user 3 (type: rider)
Params: lat=23.81, lng=90.43
Found 47 rides matching criteria.
2026-02-06 03:37:40 - GET request from user 3 (type: rider)
Params: lat=23.81, lng=90.43
Found 47 rides matching criteria.
2026-02-06 03:37:41 - GET request from user 3 (type: rider)
Params: lat=23.81, lng=90.43
Found 47 rides matching criteria.
2026-02-06 03:37:41 - GET request from user 3 (type: rider)
Params: lat=23.81, lng=90.43
Found 47 rides matching criteria.
2026-02-06 03:37:42 - GET request from user 3 (type: rider)
Params: lat=23.81, lng=90.43
Found 47 rides matching criteria.
2026-02-06 03:37:42 - GET request from user 3 (type: rider)
Params: lat=23.81, lng=90.43
Found 47 rides matching criteria.
2026-02-06 03:37:43 - GET request from user 3 (type: rider)
Params: lat=23.81, lng=90.43
Found 47 rides matching criteria.
2026-02-06 03:37:43 - GET request from user 3 (type: rider)
Params: lat=23.81, lng=90.43
Found 47 rides matching criteria.
2026-02-06 03:37:44 - GET request from user 3 (type: rider)
Params: lat=23.81, lng=90.43
Found 47 rides matching criteria.
2026-02-06 03:37:44 - GET request from user 3 (type: rider)
Params: lat=23.81, lng=90.43
Found 47 rides matching criteria.
2026-02-06 03:37:45 - GET request from user 3 (type: rider)
Params: lat=23.81, lng=90.43
Found 47 rides matching criteria.
2026-02-06 03:37:45 - GET request from user 3 (type: rider)
Params: lat=23.81, lng=90.43
Found 47 rides matching criteria.
2026-02-06 03:37:46 - GET request from user 3 (type: rider)
Params: lat=23.81, lng=90.43
Found 47 rides matching criteria.
2026-02-06 03:37:46 - GET request from user 3 (type: rider)
Params: lat=23.81, lng=90.43
Found 47 rides matching criteria.
2026-02-06 03:37:47 - GET request from user 3 (type: rider)
Params: lat=23.81, lng=90.43
Found 47 rides matching criteria.
2026-02-06 03:37:47 - GET request from user 3 (type: rider)
Params: lat=23.81, lng=90.43
Found 47 rides matching criteria.
2026-02-06 03:37:48 - GET request from user 3 (type: rider)
Params: lat=23.81, lng=90.43
Found 47 rides matching criteria.
2026-02-06 03:37:48 - GET request from user 3 (type: rider)
Params: lat=23.81, lng=90.43
Found 47 rides matching criteria.
2026-02-06 03:37:49 - GET request from user 3 (type: rider)
Params: lat=23.81, lng=90.43
Found 47 rides matching criteria.
2026-02-06 03:37:49 - GET request from user 15 (type: customer)
2026-02-06 03:37:49 - GET request from user 3 (type: rider)
Params: lat=23.81, lng=90.43
Found 47 rides matching criteria.
2026-02-06 03:37:49 - GET request from user 15 (type: customer)
2026-02-06 03:37:50 - GET request from user 3 (type: rider)
Params: lat=23.81, lng=90.43
Found 47 rides matching criteria.
2026-02-06 03:37:50 - GET request from user 3 (type: rider)
Params: lat=23.81, lng=90.43
Found 47 rides matching criteria.
2026-02-06 03:37:51 - GET request from user 3 (type: rider)
Params: lat=23.81, lng=90.43
Found 47 rides matching criteria.
2026-02-06 03:37:51 - GET request from user 3 (type: rider)
Params: lat=23.81, lng=90.43
Found 47 rides matching criteria.
2026-02-06 03:37:52 - GET request from user 3 (type: rider)
Params: lat=23.81, lng=90.43
Found 47 rides matching criteria.
2026-02-06 03:37:52 - GET request from user 3 (type: rider)
Params: lat=23.81, lng=90.43
Found 47 rides matching criteria.
2026-02-06 03:37:53 - GET request from user 3 (type: rider)
Params: lat=23.81, lng=90.43
Found 47 rides matching criteria.
2026-02-06 03:37:53 - GET request from user 3 (type: rider)
Params: lat=23.81, lng=90.43
Found 47 rides matching criteria.
2026-02-06 03:37:54 - GET request from user 3 (type: rider)
Params: lat=23.81, lng=90.43
Found 47 rides matching criteria.
2026-02-06 03:37:54 - GET request from user 3 (type: rider)
Params: lat=23.81, lng=90.43
Found 47 rides matching criteria.
2026-02-06 03:37:55 - GET request from user 3 (type: rider)
Params: lat=23.81, lng=90.43
Found 47 rides matching criteria.
2026-02-06 03:37:55 - GET request from user 3 (type: rider)
Params: lat=23.81, lng=90.43
Found 47 rides matching criteria.
2026-02-06 03:37:56 - GET request from user 3 (type: rider)
Params: lat=23.81, lng=90.43
Found 47 rides matching criteria.
2026-02-06 03:37:56 - GET request from user 3 (type: rider)
Params: lat=23.81, lng=90.43
Found 47 rides matching criteria.
2026-02-06 03:37:57 - GET request from user 3 (type: rider)
Params: lat=23.81, lng=90.43
Found 47 rides matching criteria.
2026-02-06 03:37:57 - GET request from user 3 (type: rider)
Params: lat=23.81, lng=90.43
Found 47 rides matching criteria.
2026-02-06 03:37:57 - GET request from user 15 (type: customer)
2026-02-06 03:37:57 - GET request from user 15 (type: customer)
2026-02-06 03:37:58 - GET request from user 3 (type: rider)
Params: lat=23.81, lng=90.43
Found 47 rides matching criteria.
2026-02-06 03:37:58 - GET request from user 15 (type: customer)
2026-02-06 03:37:58 - GET request from user 3 (type: rider)
Params: lat=23.81, lng=90.43
Found 47 rides matching criteria.
2026-02-06 03:37:58 - GET request from user 15 (type: customer)
2026-02-06 03:37:58 - GET request from user 15 (type: customer)
2026-02-06 03:37:59 - GET request from user 15 (type: customer)
2026-02-06 03:37:59 - GET request from user 3 (type: rider)
Params: lat=23.81, lng=90.43
Found 47 rides matching criteria.
2026-02-06 03:37:59 - GET request from user 3 (type: rider)
Params: lat=23.81, lng=90.43
Found 47 rides matching criteria.
2026-02-06 03:38:00 - GET request from user 3 (type: rider)
Params: lat=23.81, lng=90.43
Found 47 rides matching criteria.
2026-02-06 03:38:00 - GET request from user 3 (type: rider)
Params: lat=23.81, lng=90.43
Found 47 rides matching criteria.
2026-02-06 03:38:01 - GET request from user 3 (type: rider)
Params: lat=23.81, lng=90.43
Found 47 rides matching criteria.
2026-02-06 03:38:01 - GET request from user 3 (type: rider)
Params: lat=23.81, lng=90.43
Found 47 rides matching criteria.
2026-02-06 03:38:02 - GET request from user 3 (type: rider)
Params: lat=23.81, lng=90.43
Found 47 rides matching criteria.
2026-02-06 03:38:02 - GET request from user 3 (type: rider)
Params: lat=23.81, lng=90.43
Found 47 rides matching criteria.
2026-02-06 03:38:03 - GET request from user 3 (type: rider)
Params: lat=23.81, lng=90.43
Found 47 rides matching criteria.
2026-02-06 03:38:03 - GET request from user 3 (type: rider)
Params: lat=23.81, lng=90.43
Found 47 rides matching criteria.
2026-02-06 03:38:04 - GET request from user 3 (type: rider)
Params: lat=23.81, lng=90.43
Found 47 rides matching criteria.
2026-02-06 03:38:04 - GET request from user 3 (type: rider)
Params: lat=23.81, lng=90.43
Found 47 rides matching criteria.
2026-02-06 03:38:05 - GET request from user 3 (type: rider)
Params: lat=23.81, lng=90.43
Found 47 rides matching criteria.
2026-02-06 03:38:05 - GET request from user 3 (type: rider)
Params: lat=23.81, lng=90.43
Found 47 rides matching criteria.
2026-02-06 03:38:05 - GET request from user 3 (type: rider)
Params: lat=23.81, lng=90.43
Found 47 rides matching criteria.
2026-02-06 03:38:06 - GET request from user 3 (type: rider)
Params: lat=23.81, lng=90.43
Found 47 rides matching criteria.
2026-02-06 03:38:06 - GET request from user 3 (type: rider)
Params: lat=23.81, lng=90.43
Found 47 rides matching criteria.
2026-02-06 03:38:07 - GET request from user 3 (type: rider)
Params: lat=23.81, lng=90.43
Found 47 rides matching criteria.
2026-02-06 03:38:07 - GET request from user 3 (type: rider)
Params: lat=23.81, lng=90.43
Found 47 rides matching criteria.
2026-02-06 03:38:08 - GET request from user 3 (type: rider)
Params: lat=23.81, lng=90.43
Found 47 rides matching criteria.
2026-02-06 03:38:08 - GET request from user 3 (type: rider)
Params: lat=23.81, lng=90.43
Found 47 rides matching criteria.
2026-02-06 03:38:09 - GET request from user 3 (type: rider)
Params: lat=23.81, lng=90.43
Found 47 rides matching criteria.
2026-02-06 03:38:09 - GET request from user 3 (type: rider)
Params: lat=23.81, lng=90.43
Found 47 rides matching criteria.
2026-02-06 03:38:10 - GET request from user 3 (type: rider)
Params: lat=23.81, lng=90.43
Found 47 rides matching criteria.
2026-02-06 03:38:10 - GET request from user 3 (type: rider)
Params: lat=23.81, lng=90.43
Found 47 rides matching criteria.
2026-02-06 03:38:11 - GET request from user 3 (type: rider)
Params: lat=23.81, lng=90.43
Found 47 rides matching criteria.
2026-02-06 03:38:11 - GET request from user 3 (type: rider)
Params: lat=23.81, lng=90.43
Found 47 rides matching criteria.
2026-02-06 03:38:12 - GET request from user 3 (type: rider)
Params: lat=23.81, lng=90.43
Found 47 rides matching criteria.
2026-02-06 03:38:12 - GET request from user 3 (type: rider)
Params: lat=23.81, lng=90.43
Found 47 rides matching criteria.
2026-02-06 03:38:13 - GET request from user 3 (type: rider)
Params: lat=23.81, lng=90.43
Found 47 rides matching criteria.
2026-02-06 03:38:13 - GET request from user 3 (type: rider)
Params: lat=23.81, lng=90.43
Found 47 rides matching criteria.
2026-02-06 03:38:14 - GET request from user 3 (type: rider)
Params: lat=23.81, lng=90.43
Found 47 rides matching criteria.
2026-02-06 03:38:14 - GET request from user 3 (type: rider)
Params: lat=23.81, lng=90.43
Found 47 rides matching criteria.
2026-02-06 03:38:15 - GET request from user 3 (type: rider)
Params: lat=23.81, lng=90.43
Found 47 rides matching criteria.
2026-02-06 03:38:15 - GET request from user 3 (type: rider)
Params: lat=23.81, lng=90.43
Found 47 rides matching criteria.
2026-02-06 03:38:16 - GET request from user 3 (type: rider)
Params: lat=23.81, lng=90.43
Found 47 rides matching criteria.
2026-02-06 03:38:16 - GET request from user 3 (type: rider)
Params: lat=23.81, lng=90.43
Found 47 rides matching criteria.
2026-02-06 03:38:17 - GET request from user 3 (type: rider)
Params: lat=23.81, lng=90.43
Found 47 rides matching criteria.
2026-02-06 03:38:17 - GET request from user 3 (type: rider)
Params: lat=23.81, lng=90.43
Found 47 rides matching criteria.
2026-02-06 03:38:18 - GET request from user 3 (type: rider)
Params: lat=23.81, lng=90.43
Found 47 rides matching criteria.
2026-02-06 03:38:18 - GET request from user 3 (type: rider)
Params: lat=23.81, lng=90.43
Found 47 rides matching criteria.
2026-02-06 03:38:18 - GET request from user 15 (type: customer)
2026-02-06 03:38:19 - GET request from user 15 (type: customer)
2026-02-06 03:38:19 - GET request from user 3 (type: rider)
Params: lat=23.81, lng=90.43
Found 47 rides matching criteria.
2026-02-06 03:38:19 - GET request from user 3 (type: rider)
Params: lat=23.81, lng=90.43
Found 47 rides matching criteria.
2026-02-06 03:38:20 - GET request from user 3 (type: rider)
Params: lat=23.81, lng=90.43
Found 47 rides matching criteria.
2026-02-06 03:38:20 - GET request from user 3 (type: rider)
Params: lat=23.81, lng=90.43
Found 47 rides matching criteria.
2026-02-06 03:38:21 - GET request from user 3 (type: rider)
Params: lat=23.81, lng=90.43
Found 47 rides matching criteria.
2026-02-06 03:38:21 - GET request from user 3 (type: rider)
Params: lat=23.81, lng=90.43
Found 47 rides matching criteria.
2026-02-06 03:38:22 - GET request from user 3 (type: rider)
Params: lat=23.81, lng=90.43
Found 47 rides matching criteria.
2026-02-06 03:38:22 - GET request from user 3 (type: rider)
Params: lat=23.81, lng=90.43
Found 47 rides matching criteria.
2026-02-06 03:38:23 - GET request from user 3 (type: rider)
Params: lat=23.81, lng=90.43
Found 47 rides matching criteria.
2026-02-06 03:38:23 - GET request from user 3 (type: rider)
Params: lat=23.81, lng=90.43
Found 47 rides matching criteria.
2026-02-06 03:38:23 - GET request from user 15 (type: customer)
2026-02-06 03:38:24 - GET request from user 3 (type: rider)
Params: lat=23.81, lng=90.43
Found 47 rides matching criteria.
2026-02-06 03:38:24 - GET request from user 3 (type: rider)
Params: lat=23.81, lng=90.43
Found 47 rides matching criteria.
2026-02-06 03:38:25 - GET request from user 3 (type: rider)
Params: lat=23.81, lng=90.43
Found 47 rides matching criteria.
2026-02-06 03:38:25 - GET request from user 3 (type: rider)
Params: lat=23.81, lng=90.43
Found 47 rides matching criteria.
2026-02-06 03:38:26 - GET request from user 3 (type: rider)
Params: lat=23.81, lng=90.43
Found 47 rides matching criteria.
2026-02-06 03:38:26 - GET request from user 3 (type: rider)
Params: lat=23.81, lng=90.43
Found 47 rides matching criteria.
2026-02-06 03:38:27 - GET request from user 3 (type: rider)
Params: lat=23.81, lng=90.43
Found 47 rides matching criteria.
2026-02-06 03:38:27 - GET request from user 3 (type: rider)
Params: lat=23.81, lng=90.43
Found 47 rides matching criteria.
2026-02-06 03:38:28 - GET request from user 3 (type: rider)
Params: lat=23.81, lng=90.43
Found 47 rides matching criteria.
2026-02-06 03:38:28 - GET request from user 3 (type: rider)
Params: lat=23.81, lng=90.43
Found 47 rides matching criteria.
2026-02-06 03:38:28 - GET request from user 15 (type: customer)
2026-02-06 03:38:29 - GET request from user 3 (type: rider)
Params: lat=23.81, lng=90.43
Found 47 rides matching criteria.
2026-02-06 03:38:29 - GET request from user 3 (type: rider)
Params: lat=23.81, lng=90.43
Found 47 rides matching criteria.
2026-02-06 03:38:30 - GET request from user 3 (type: rider)
Params: lat=23.81, lng=90.43
Found 47 rides matching criteria.
2026-02-06 03:38:30 - GET request from user 3 (type: rider)
Params: lat=23.81, lng=90.43
Found 47 rides matching criteria.
2026-02-06 03:38:31 - GET request from user 3 (type: rider)
Params: lat=23.81, lng=90.43
Found 47 rides matching criteria.
2026-02-06 03:38:31 - GET request from user 3 (type: rider)
Params: lat=23.81, lng=90.43
Found 47 rides matching criteria.
2026-02-06 03:38:32 - GET request from user 3 (type: rider)
Params: lat=23.81, lng=90.43
Found 47 rides matching criteria.
2026-02-06 03:38:32 - GET request from user 3 (type: rider)
Params: lat=23.81, lng=90.43
Found 47 rides matching criteria.
2026-02-06 03:38:33 - GET request from user 3 (type: rider)
Params: lat=23.81, lng=90.43
Found 47 rides matching criteria.
2026-02-06 03:38:33 - GET request from user 3 (type: rider)
Params: lat=23.81, lng=90.43
Found 47 rides matching criteria.
2026-02-06 03:38:33 - GET request from user 15 (type: customer)
2026-02-06 03:38:34 - GET request from user 3 (type: rider)
Params: lat=23.81, lng=90.43
Found 47 rides matching criteria.
2026-02-06 03:38:34 - GET request from user 3 (type: rider)
Params: lat=23.81, lng=90.43
Found 47 rides matching criteria.
2026-02-06 03:38:35 - GET request from user 3 (type: rider)
Params: lat=23.81, lng=90.43
Found 47 rides matching criteria.
2026-02-06 03:38:35 - GET request from user 3 (type: rider)
Params: lat=23.81, lng=90.43
Found 47 rides matching criteria.
2026-02-06 03:38:36 - GET request from user 3 (type: rider)
Params: lat=23.81, lng=90.43
Found 47 rides matching criteria.
2026-02-06 03:38:36 - GET request from user 3 (type: rider)
Params: lat=23.81, lng=90.43
Found 47 rides matching criteria.
2026-02-06 03:38:37 - GET request from user 3 (type: rider)
Params: lat=23.81, lng=90.43
Found 47 rides matching criteria.
2026-02-06 03:38:37 - GET request from user 3 (type: rider)
Params: lat=23.81, lng=90.43
Found 47 rides matching criteria.
2026-02-06 03:38:38 - GET request from user 3 (type: rider)
Params: lat=23.81, lng=90.43
Found 47 rides matching criteria.
2026-02-06 03:38:38 - GET request from user 3 (type: rider)
Params: lat=23.81, lng=90.43
Found 47 rides matching criteria.
2026-02-06 03:38:38 - GET request from user 15 (type: customer)
2026-02-06 03:38:39 - GET request from user 3 (type: rider)
Params: lat=23.81, lng=90.43
Found 47 rides matching criteria.
2026-02-06 03:38:39 - GET request from user 3 (type: rider)
Params: lat=23.81, lng=90.43
Found 47 rides matching criteria.
2026-02-06 03:38:40 - GET request from user 3 (type: rider)
Params: lat=23.81, lng=90.43
Found 47 rides matching criteria.
2026-02-06 03:38:40 - GET request from user 3 (type: rider)
Params: lat=23.81, lng=90.43
Found 47 rides matching criteria.
2026-02-06 03:38:41 - GET request from user 3 (type: rider)
Params: lat=23.81, lng=90.43
Found 47 rides matching criteria.
2026-02-06 03:38:41 - GET request from user 3 (type: rider)
Params: lat=23.81, lng=90.43
Found 47 rides matching criteria.
2026-02-06 03:38:42 - GET request from user 3 (type: rider)
Params: lat=23.81, lng=90.43
Found 47 rides matching criteria.
2026-02-06 03:38:42 - GET request from user 3 (type: rider)
Params: lat=23.81, lng=90.43
Found 47 rides matching criteria.
2026-02-06 03:38:43 - GET request from user 3 (type: rider)
Params: lat=23.81, lng=90.43
Found 47 rides matching criteria.
2026-02-06 03:38:43 - GET request from user 3 (type: rider)
Params: lat=23.81, lng=90.43
Found 47 rides matching criteria.
2026-02-06 03:38:43 - GET request from user 15 (type: customer)
2026-02-06 03:38:44 - GET request from user 3 (type: rider)
Params: lat=23.81, lng=90.43
Found 47 rides matching criteria.
2026-02-06 03:38:44 - GET request from user 3 (type: rider)
Params: lat=23.81, lng=90.43
Found 47 rides matching criteria.
2026-02-06 03:38:45 - GET request from user 3 (type: rider)
Params: lat=23.81, lng=90.43
Found 47 rides matching criteria.
2026-02-06 03:38:45 - GET request from user 3 (type: rider)
Params: lat=23.81, lng=90.43
Found 47 rides matching criteria.
2026-02-06 03:38:46 - GET request from user 3 (type: rider)
Params: lat=23.81, lng=90.43
Found 47 rides matching criteria.
2026-02-06 03:38:46 - GET request from user 3 (type: rider)
Params: lat=23.81, lng=90.43
Found 47 rides matching criteria.
2026-02-06 03:38:47 - GET request from user 15 (type: customer)
2026-02-06 03:38:47 - GET request from user 3 (type: rider)
Params: lat=23.81, lng=90.43
Found 47 rides matching criteria.
2026-02-06 03:38:47 - GET request from user 15 (type: customer)
2026-02-06 03:38:47 - GET request from user 3 (type: rider)
Params: lat=23.81, lng=90.43
Found 47 rides matching criteria.
2026-02-06 03:38:48 - GET request from user 3 (type: rider)
Params: lat=23.81, lng=90.43
Found 47 rides matching criteria.
2026-02-06 03:38:48 - GET request from user 3 (type: rider)
Params: lat=23.81, lng=90.43
Found 47 rides matching criteria.
2026-02-06 03:38:49 - GET request from user 3 (type: rider)
Params: lat=23.81, lng=90.43
Found 47 rides matching criteria.
2026-02-06 03:38:49 - GET request from user 3 (type: rider)
Params: lat=23.81, lng=90.43
Found 47 rides matching criteria.
2026-02-06 03:38:50 - GET request from user 3 (type: rider)
Params: lat=23.81, lng=90.43
Found 47 rides matching criteria.
2026-02-06 03:38:50 - GET request from user 3 (type: rider)
Params: lat=23.81, lng=90.43
Found 47 rides matching criteria.
2026-02-06 03:38:51 - GET request from user 3 (type: rider)
Params: lat=23.81, lng=90.43
Found 47 rides matching criteria.
2026-02-06 03:38:51 - GET request from user 3 (type: rider)
Params: lat=23.81, lng=90.43
Found 47 rides matching criteria.
2026-02-06 03:38:52 - GET request from user 15 (type: customer)
2026-02-06 03:38:52 - GET request from user 3 (type: rider)
Params: lat=23.81, lng=90.43
Found 47 rides matching criteria.
2026-02-06 03:38:52 - GET request from user 3 (type: rider)
Params: lat=23.81, lng=90.43
Found 47 rides matching criteria.
2026-02-06 03:38:53 - GET request from user 3 (type: rider)
Params: lat=23.81, lng=90.43
Found 47 rides matching criteria.
2026-02-06 03:38:53 - GET request from user 3 (type: rider)
Params: lat=23.81, lng=90.43
Found 47 rides matching criteria.
2026-02-06 03:38:54 - GET request from user 3 (type: rider)
Params: lat=23.81, lng=90.43
Found 47 rides matching criteria.
2026-02-06 03:38:54 - GET request from user 3 (type: rider)
Params: lat=23.81, lng=90.43
Found 47 rides matching criteria.
2026-02-06 03:38:55 - GET request from user 3 (type: rider)
Params: lat=23.81, lng=90.43
Found 47 rides matching criteria.
2026-02-06 03:38:55 - GET request from user 3 (type: rider)
Params: lat=23.81, lng=90.43
Found 47 rides matching criteria.
2026-02-06 03:38:56 - GET request from user 3 (type: rider)
Params: lat=23.81, lng=90.43
Found 47 rides matching criteria.
2026-02-06 03:38:56 - GET request from user 3 (type: rider)
Params: lat=23.81, lng=90.43
Found 47 rides matching criteria.
2026-02-06 03:38:57 - GET request from user 15 (type: customer)
2026-02-06 03:38:57 - GET request from user 3 (type: rider)
Params: lat=23.81, lng=90.43
Found 47 rides matching criteria.
2026-02-06 03:38:57 - GET request from user 3 (type: rider)
Params: lat=23.81, lng=90.43
Found 47 rides matching criteria.
2026-02-06 03:38:58 - GET request from user 3 (type: rider)
Params: lat=23.81, lng=90.43
Found 47 rides matching criteria.
2026-02-06 03:38:58 - GET request from user 3 (type: rider)
Params: lat=23.81, lng=90.43
Found 47 rides matching criteria.
2026-02-06 03:38:59 - GET request from user 3 (type: rider)
Params: lat=23.81, lng=90.43
Found 47 rides matching criteria.
2026-02-06 03:38:59 - GET request from user 3 (type: rider)
Params: lat=23.81, lng=90.43
Found 47 rides matching criteria.
2026-02-06 03:39:00 - GET request from user 3 (type: rider)
Params: lat=23.81, lng=90.43
Found 47 rides matching criteria.
2026-02-06 03:39:00 - GET request from user 3 (type: rider)
Params: lat=23.81, lng=90.43
Found 47 rides matching criteria.
2026-02-06 03:39:01 - GET request from user 3 (type: rider)
Params: lat=23.81, lng=90.43
Found 47 rides matching criteria.
2026-02-06 03:39:01 - GET request from user 3 (type: rider)
Params: lat=23.81, lng=90.43
Found 47 rides matching criteria.
2026-02-06 03:39:02 - GET request from user 15 (type: customer)
2026-02-06 03:39:02 - GET request from user 3 (type: rider)
Params: lat=23.81, lng=90.43
Found 47 rides matching criteria.
2026-02-06 03:39:02 - GET request from user 3 (type: rider)
Params: lat=23.81, lng=90.43
Found 47 rides matching criteria.
2026-02-06 03:39:03 - GET request from user 3 (type: rider)
Params: lat=23.81, lng=90.43
Found 47 rides matching criteria.
2026-02-06 03:39:03 - GET request from user 3 (type: rider)
Params: lat=23.81, lng=90.43
Found 47 rides matching criteria.
2026-02-06 03:39:04 - GET request from user 3 (type: rider)
Params: lat=23.81, lng=90.43
Found 47 rides matching criteria.
2026-02-06 03:39:04 - GET request from user 3 (type: rider)
Params: lat=23.81, lng=90.43
Found 47 rides matching criteria.
2026-02-06 03:39:05 - GET request from user 3 (type: rider)
Params: lat=23.81, lng=90.43
Found 47 rides matching criteria.
2026-02-06 03:39:05 - GET request from user 3 (type: rider)
Params: lat=23.81, lng=90.43
Found 47 rides matching criteria.
2026-02-06 03:39:06 - GET request from user 3 (type: rider)
Params: lat=23.81, lng=90.43
Found 47 rides matching criteria.
2026-02-06 03:39:06 - GET request from user 3 (type: rider)
Params: lat=23.81, lng=90.43
Found 47 rides matching criteria.
2026-02-06 03:39:07 - GET request from user 15 (type: customer)
2026-02-06 03:39:07 - GET request from user 3 (type: rider)
Params: lat=23.81, lng=90.43
Found 47 rides matching criteria.
2026-02-06 03:39:07 - GET request from user 3 (type: rider)
Params: lat=23.81, lng=90.43
Found 47 rides matching criteria.
2026-02-06 03:39:08 - GET request from user 3 (type: rider)
Params: lat=23.81, lng=90.43
Found 47 rides matching criteria.
2026-02-06 03:39:08 - GET request from user 3 (type: rider)
Params: lat=23.81, lng=90.43
Found 47 rides matching criteria.
2026-02-06 03:39:09 - GET request from user 3 (type: rider)
Params: lat=23.81, lng=90.43
Found 47 rides matching criteria.
2026-02-06 03:39:09 - GET request from user 3 (type: rider)
Params: lat=23.81, lng=90.43
Found 47 rides matching criteria.
2026-02-06 03:39:10 - GET request from user 3 (type: rider)
Params: lat=23.81, lng=90.43
Found 47 rides matching criteria.
2026-02-06 03:39:10 - GET request from user 3 (type: rider)
Params: lat=23.81, lng=90.43
Found 47 rides matching criteria.
2026-02-06 03:39:11 - GET request from user 3 (type: rider)
Params: lat=23.81, lng=90.43
Found 47 rides matching criteria.
2026-02-06 03:39:11 - GET request from user 3 (type: rider)
Params: lat=23.81, lng=90.43
Found 47 rides matching criteria.
2026-02-06 03:39:12 - GET request from user 15 (type: customer)
2026-02-06 03:39:12 - GET request from user 3 (type: rider)
Params: lat=23.81, lng=90.43
Found 47 rides matching criteria.
2026-02-06 03:39:12 - GET request from user 3 (type: rider)
Params: lat=23.81, lng=90.43
Found 47 rides matching criteria.
2026-02-06 03:39:13 - GET request from user 3 (type: rider)
Params: lat=23.81, lng=90.43
Found 47 rides matching criteria.
2026-02-06 03:39:13 - GET request from user 3 (type: rider)
Params: lat=23.81, lng=90.43
Found 47 rides matching criteria.
2026-02-06 03:39:14 - GET request from user 3 (type: rider)
Params: lat=23.81, lng=90.43
Found 47 rides matching criteria.
2026-02-06 03:39:14 - GET request from user 3 (type: rider)
Params: lat=23.81, lng=90.43
Found 47 rides matching criteria.
2026-02-06 03:39:15 - GET request from user 3 (type: rider)
Params: lat=23.81, lng=90.43
Found 47 rides matching criteria.
2026-02-06 03:39:15 - GET request from user 3 (type: rider)
Params: lat=23.81, lng=90.43
Found 47 rides matching criteria.
2026-02-06 03:39:16 - GET request from user 3 (type: rider)
Params: lat=23.81, lng=90.43
Found 47 rides matching criteria.
2026-02-06 03:39:16 - GET request from user 3 (type: rider)
Params: lat=23.81, lng=90.43
Found 47 rides matching criteria.
2026-02-06 03:39:17 - GET request from user 15 (type: customer)
2026-02-06 03:39:17 - GET request from user 3 (type: rider)
Params: lat=23.81, lng=90.43
Found 47 rides matching criteria.
2026-02-06 03:39:17 - GET request from user 3 (type: rider)
Params: lat=23.81, lng=90.43
Found 47 rides matching criteria.
2026-02-06 03:39:18 - GET request from user 3 (type: rider)
Params: lat=23.81, lng=90.43
Found 47 rides matching criteria.
2026-02-06 03:39:18 - GET request from user 3 (type: rider)
Params: lat=23.81, lng=90.43
Found 47 rides matching criteria.
2026-02-06 03:39:19 - GET request from user 3 (type: rider)
Params: lat=23.81, lng=90.43
Found 47 rides matching criteria.
2026-02-06 03:39:19 - GET request from user 3 (type: rider)
Params: lat=23.81, lng=90.43
Found 47 rides matching criteria.
2026-02-06 03:39:20 - GET request from user 3 (type: rider)
Params: lat=23.81, lng=90.43
Found 47 rides matching criteria.
2026-02-06 03:39:20 - GET request from user 3 (type: rider)
Params: lat=23.81, lng=90.43
Found 47 rides matching criteria.
2026-02-06 03:39:21 - GET request from user 3 (type: rider)
Params: lat=23.81, lng=90.43
Found 47 rides matching criteria.
2026-02-06 03:39:21 - GET request from user 3 (type: rider)
Params: lat=23.81, lng=90.43
Found 47 rides matching criteria.
2026-02-06 03:39:22 - GET request from user 15 (type: customer)
2026-02-06 03:39:22 - GET request from user 3 (type: rider)
Params: lat=23.81, lng=90.43
Found 47 rides matching criteria.
2026-02-06 03:39:22 - GET request from user 3 (type: rider)
Params: lat=23.81, lng=90.43
Found 47 rides matching criteria.
2026-02-06 03:39:23 - GET request from user 3 (type: rider)
Params: lat=23.81, lng=90.43
Found 47 rides matching criteria.
2026-02-06 03:39:23 - GET request from user 3 (type: rider)
Params: lat=23.81, lng=90.43
Found 47 rides matching criteria.
2026-02-06 03:39:24 - GET request from user 3 (type: rider)
Params: lat=23.81, lng=90.43
Found 47 rides matching criteria.
2026-02-06 03:39:24 - GET request from user 3 (type: rider)
Params: lat=23.81, lng=90.43
Found 47 rides matching criteria.
2026-02-06 03:39:25 - GET request from user 3 (type: rider)
Params: lat=23.81, lng=90.43
Found 47 rides matching criteria.
2026-02-06 03:39:25 - GET request from user 3 (type: rider)
Params: lat=23.81, lng=90.43
Found 47 rides matching criteria.
2026-02-06 03:39:26 - GET request from user 3 (type: rider)
Params: lat=23.81, lng=90.43
Found 47 rides matching criteria.
2026-02-06 03:39:26 - GET request from user 3 (type: rider)
Params: lat=23.81, lng=90.43
Found 47 rides matching criteria.
2026-02-06 03:39:27 - GET request from user 15 (type: customer)
2026-02-06 03:39:27 - GET request from user 3 (type: rider)
Params: lat=23.81, lng=90.43
Found 47 rides matching criteria.
2026-02-06 03:39:27 - GET request from user 3 (type: rider)
Params: lat=23.81, lng=90.43
Found 47 rides matching criteria.
2026-02-06 03:39:28 - GET request from user 3 (type: rider)
Params: lat=23.81, lng=90.43
Found 47 rides matching criteria.
2026-02-06 03:39:28 - GET request from user 3 (type: rider)
Params: lat=23.81, lng=90.43
Found 47 rides matching criteria.
2026-02-06 03:39:29 - GET request from user 3 (type: rider)
Params: lat=23.81, lng=90.43
Found 47 rides matching criteria.
2026-02-06 03:39:29 - GET request from user 3 (type: rider)
Params: lat=23.81, lng=90.43
Found 47 rides matching criteria.
2026-02-06 03:39:30 - GET request from user 3 (type: rider)
Params: lat=23.81, lng=90.43
Found 47 rides matching criteria.
2026-02-06 03:39:30 - GET request from user 3 (type: rider)
Params: lat=23.81, lng=90.43
Found 47 rides matching criteria.
2026-02-06 03:39:31 - GET request from user 3 (type: rider)
Params: lat=23.81, lng=90.43
Found 47 rides matching criteria.
2026-02-06 03:39:31 - GET request from user 3 (type: rider)
Params: lat=23.81, lng=90.43
Found 47 rides matching criteria.
2026-02-06 03:39:32 - GET request from user 15 (type: customer)
2026-02-06 03:39:32 - GET request from user 3 (type: rider)
Params: lat=23.81, lng=90.43
Found 47 rides matching criteria.
2026-02-06 03:39:32 - GET request from user 3 (type: rider)
Params: lat=23.81, lng=90.43
Found 47 rides matching criteria.
2026-02-06 03:39:33 - GET request from user 3 (type: rider)
Params: lat=23.81, lng=90.43
Found 47 rides matching criteria.
2026-02-06 03:39:33 - GET request from user 3 (type: rider)
Params: lat=23.81, lng=90.43
Found 47 rides matching criteria.
2026-02-06 03:39:34 - GET request from user 3 (type: rider)
Params: lat=23.81, lng=90.43
Found 47 rides matching criteria.
2026-02-06 03:39:34 - GET request from user 3 (type: rider)
Params: lat=23.81, lng=90.43
Found 47 rides matching criteria.
2026-02-06 03:39:35 - GET request from user 3 (type: rider)
Params: lat=23.81, lng=90.43
Found 47 rides matching criteria.
2026-02-06 03:39:35 - GET request from user 3 (type: rider)
Params: lat=23.81, lng=90.43
Found 47 rides matching criteria.
2026-02-06 03:39:36 - GET request from user 3 (type: rider)
Params: lat=23.81, lng=90.43
Found 47 rides matching criteria.
2026-02-06 03:39:36 - GET request from user 3 (type: rider)
Params: lat=23.81, lng=90.43
Found 47 rides matching criteria.
2026-02-06 03:39:37 - GET request from user 15 (type: customer)
2026-02-06 03:39:37 - GET request from user 3 (type: rider)
Params: lat=23.81, lng=90.43
Found 47 rides matching criteria.
2026-02-06 03:39:37 - GET request from user 3 (type: rider)
Params: lat=23.81, lng=90.43
Found 47 rides matching criteria.
2026-02-06 03:39:38 - GET request from user 3 (type: rider)
Params: lat=23.81, lng=90.43
Found 47 rides matching criteria.
2026-02-06 03:39:38 - GET request from user 3 (type: rider)
Params: lat=23.81, lng=90.43
Found 47 rides matching criteria.
2026-02-06 03:39:39 - GET request from user 3 (type: rider)
Params: lat=23.81, lng=90.43
Found 47 rides matching criteria.
2026-02-06 03:39:39 - GET request from user 3 (type: rider)
Params: lat=23.81, lng=90.43
Found 47 rides matching criteria.
2026-02-06 03:39:40 - GET request from user 3 (type: rider)
Params: lat=23.81, lng=90.43
Found 47 rides matching criteria.
2026-02-06 03:39:40 - GET request from user 3 (type: rider)
Params: lat=23.81, lng=90.43
Found 47 rides matching criteria.
2026-02-06 03:39:41 - GET request from user 3 (type: rider)
Params: lat=23.81, lng=90.43
Found 47 rides matching criteria.
2026-02-06 03:39:41 - GET request from user 3 (type: rider)
Params: lat=23.81, lng=90.43
Found 47 rides matching criteria.
2026-02-06 03:39:42 - GET request from user 15 (type: customer)
2026-02-06 03:39:42 - GET request from user 3 (type: rider)
Params: lat=23.81, lng=90.43
Found 47 rides matching criteria.
2026-02-06 03:39:42 - GET request from user 3 (type: rider)
Params: lat=23.81, lng=90.43
Found 47 rides matching criteria.
2026-02-06 03:39:43 - GET request from user 3 (type: rider)
Params: lat=23.81, lng=90.43
Found 47 rides matching criteria.
2026-02-06 03:39:43 - GET request from user 3 (type: rider)
Params: lat=23.81, lng=90.43
Found 47 rides matching criteria.
2026-02-06 03:39:44 - GET request from user 3 (type: rider)
Params: lat=23.81, lng=90.43
Found 47 rides matching criteria.
2026-02-06 03:39:44 - GET request from user 3 (type: rider)
Params: lat=23.81, lng=90.43
Found 47 rides matching criteria.
2026-02-06 03:39:45 - GET request from user 3 (type: rider)
Params: lat=23.81, lng=90.43
Found 47 rides matching criteria.
2026-02-06 03:39:45 - GET request from user 3 (type: rider)
Params: lat=23.81, lng=90.43
Found 47 rides matching criteria.
2026-02-06 03:39:46 - GET request from user 3 (type: rider)
Params: lat=23.81, lng=90.43
Found 47 rides matching criteria.
2026-02-06 03:39:46 - GET request from user 3 (type: rider)
Params: lat=23.81, lng=90.43
Found 47 rides matching criteria.
2026-02-06 03:39:47 - GET request from user 15 (type: customer)
2026-02-06 03:39:47 - GET request from user 3 (type: rider)
Params: lat=23.81, lng=90.43
Found 47 rides matching criteria.
2026-02-06 03:39:47 - GET request from user 3 (type: rider)
Params: lat=23.81, lng=90.43
Found 47 rides matching criteria.
2026-02-06 03:39:48 - GET request from user 3 (type: rider)
Params: lat=23.81, lng=90.43
Found 47 rides matching criteria.
2026-02-06 03:39:48 - GET request from user 3 (type: rider)
Params: lat=23.81, lng=90.43
Found 47 rides matching criteria.
2026-02-06 03:39:49 - GET request from user 3 (type: rider)
Params: lat=23.81, lng=90.43
Found 47 rides matching criteria.
2026-02-06 03:39:49 - GET request from user 3 (type: rider)
Params: lat=23.81, lng=90.43
Found 47 rides matching criteria.
2026-02-06 03:39:50 - GET request from user 3 (type: rider)
Params: lat=23.81, lng=90.43
Found 47 rides matching criteria.
2026-02-06 03:39:50 - GET request from user 3 (type: rider)
Params: lat=23.81, lng=90.43
Found 47 rides matching criteria.
2026-02-06 03:39:51 - GET request from user 3 (type: rider)
Params: lat=23.81, lng=90.43
Found 47 rides matching criteria.
2026-02-06 03:39:51 - GET request from user 3 (type: rider)
Params: lat=23.81, lng=90.43
Found 47 rides matching criteria.
2026-02-06 03:39:52 - GET request from user 15 (type: customer)
2026-02-06 03:39:52 - GET request from user 3 (type: rider)
Params: lat=23.81, lng=90.43
Found 47 rides matching criteria.
2026-02-06 03:39:52 - GET request from user 3 (type: rider)
Params: lat=23.81, lng=90.43
Found 47 rides matching criteria.
2026-02-06 03:39:53 - GET request from user 3 (type: rider)
Params: lat=23.81, lng=90.43
Found 47 rides matching criteria.
2026-02-06 03:39:53 - GET request from user 3 (type: rider)
Params: lat=23.81, lng=90.43
Found 47 rides matching criteria.
2026-02-06 03:39:54 - GET request from user 3 (type: rider)
Params: lat=23.81, lng=90.43
Found 47 rides matching criteria.
2026-02-06 03:39:54 - GET request from user 3 (type: rider)
Params: lat=23.81, lng=90.43
Found 47 rides matching criteria.
2026-02-06 03:39:55 - GET request from user 3 (type: rider)
Params: lat=23.81, lng=90.43
Found 47 rides matching criteria.
2026-02-06 03:39:55 - GET request from user 3 (type: rider)
Params: lat=23.81, lng=90.43
Found 47 rides matching criteria.
2026-02-06 03:39:56 - GET request from user 3 (type: rider)
Params: lat=23.81, lng=90.43
Found 47 rides matching criteria.
2026-02-06 03:39:56 - GET request from user 3 (type: rider)
Params: lat=23.81, lng=90.43
Found 47 rides matching criteria.
2026-02-06 03:39:57 - GET request from user 15 (type: customer)
2026-02-06 03:39:57 - GET request from user 3 (type: rider)
Params: lat=23.81, lng=90.43
Found 47 rides matching criteria.
2026-02-06 03:39:57 - GET request from user 3 (type: rider)
Params: lat=23.81, lng=90.43
Found 47 rides matching criteria.
2026-02-06 03:39:58 - GET request from user 3 (type: rider)
Params: lat=23.81, lng=90.43
Found 47 rides matching criteria.
2026-02-06 03:39:58 - GET request from user 3 (type: rider)
Params: lat=23.81, lng=90.43
Found 47 rides matching criteria.
2026-02-06 03:39:59 - GET request from user 3 (type: rider)
Params: lat=23.81, lng=90.43
Found 47 rides matching criteria.
2026-02-06 03:39:59 - GET request from user 3 (type: rider)
Params: lat=23.81, lng=90.43
Found 47 rides matching criteria.
2026-02-06 03:40:00 - GET request from user 3 (type: rider)
Params: lat=23.81, lng=90.43
Found 47 rides matching criteria.
2026-02-06 03:40:00 - GET request from user 3 (type: rider)
Params: lat=23.81, lng=90.43
Found 47 rides matching criteria.
2026-02-06 03:40:01 - GET request from user 3 (type: rider)
Params: lat=23.81, lng=90.43
Found 47 rides matching criteria.
2026-02-06 03:40:01 - GET request from user 3 (type: rider)
Params: lat=23.81, lng=90.43
Found 47 rides matching criteria.
2026-02-06 03:40:02 - GET request from user 15 (type: customer)
2026-02-06 03:40:02 - GET request from user 3 (type: rider)
Params: lat=23.81, lng=90.43
Found 47 rides matching criteria.
2026-02-06 03:40:02 - GET request from user 3 (type: rider)
Params: lat=23.81, lng=90.43
Found 47 rides matching criteria.
2026-02-06 03:40:03 - GET request from user 3 (type: rider)
Params: lat=23.81, lng=90.43
Found 47 rides matching criteria.
2026-02-06 03:40:03 - GET request from user 3 (type: rider)
Params: lat=23.81, lng=90.43
Found 47 rides matching criteria.
2026-02-06 03:40:04 - GET request from user 15 (type: customer)
2026-02-06 03:40:04 - GET request from user 3 (type: rider)
Params: lat=23.81, lng=90.43
Found 47 rides matching criteria.
2026-02-06 03:40:04 - GET request from user 15 (type: customer)
2026-02-06 03:40:04 - GET request from user 3 (type: rider)
Params: lat=23.81, lng=90.43
Found 47 rides matching criteria.
2026-02-06 03:40:05 - GET request from user 3 (type: rider)
Params: lat=23.81, lng=90.43
Found 47 rides matching criteria.
2026-02-06 03:40:05 - GET request from user 3 (type: rider)
Params: lat=23.81, lng=90.43
Found 47 rides matching criteria.
2026-02-06 03:40:06 - GET request from user 3 (type: rider)
Params: lat=23.81, lng=90.43
Found 47 rides matching criteria.
2026-02-06 03:40:06 - GET request from user 3 (type: rider)
Params: lat=23.81, lng=90.43
Found 47 rides matching criteria.
2026-02-06 03:40:07 - GET request from user 3 (type: rider)
Params: lat=23.81, lng=90.43
Found 47 rides matching criteria.
2026-02-06 03:40:07 - GET request from user 3 (type: rider)
Params: lat=23.81, lng=90.43
Found 47 rides matching criteria.
2026-02-06 03:40:08 - GET request from user 3 (type: rider)
Params: lat=23.81, lng=90.43
Found 47 rides matching criteria.
2026-02-06 03:40:08 - GET request from user 3 (type: rider)
Params: lat=23.81, lng=90.43
Found 47 rides matching criteria.
2026-02-06 03:40:09 - GET request from user 3 (type: rider)
Params: lat=23.81, lng=90.43
Found 47 rides matching criteria.
2026-02-06 03:40:09 - GET request from user 3 (type: rider)
Params: lat=23.81, lng=90.43
Found 47 rides matching criteria.
2026-02-06 03:40:10 - GET request from user 3 (type: rider)
Params: lat=23.81, lng=90.43
Found 47 rides matching criteria.
2026-02-06 03:40:10 - GET request from user 3 (type: rider)
Params: lat=23.81, lng=90.43
Found 47 rides matching criteria.
2026-02-06 03:40:11 - GET request from user 3 (type: rider)
Params: lat=23.81, lng=90.43
Found 47 rides matching criteria.
2026-02-06 03:40:11 - GET request from user 3 (type: rider)
Params: lat=23.81, lng=90.43
Found 47 rides matching criteria.
2026-02-06 03:40:12 - GET request from user 3 (type: rider)
Params: lat=23.81, lng=90.43
Found 47 rides matching criteria.
2026-02-06 03:40:12 - GET request from user 3 (type: rider)
Params: lat=23.81, lng=90.43
Found 47 rides matching criteria.
2026-02-06 03:40:13 - GET request from user 3 (type: rider)
Params: lat=23.81, lng=90.43
Found 47 rides matching criteria.
2026-02-06 03:40:13 - GET request from user 3 (type: rider)
Params: lat=23.81, lng=90.43
Found 47 rides matching criteria.
2026-02-06 03:40:14 - GET request from user 3 (type: rider)
Params: lat=23.81, lng=90.43
Found 47 rides matching criteria.
2026-02-06 03:40:14 - GET request from user 3 (type: rider)
Params: lat=23.81, lng=90.43
Found 47 rides matching criteria.
2026-02-06 03:40:15 - GET request from user 3 (type: rider)
Params: lat=23.81, lng=90.43
Found 47 rides matching criteria.
2026-02-06 03:40:15 - GET request from user 3 (type: rider)
Params: lat=23.81, lng=90.43
Found 47 rides matching criteria.
2026-02-06 03:40:16 - GET request from user 3 (type: rider)
Params: lat=23.81, lng=90.43
Found 47 rides matching criteria.
2026-02-06 03:40:16 - GET request from user 3 (type: rider)
Params: lat=23.81, lng=90.43
Found 47 rides matching criteria.
2026-02-06 03:40:17 - GET request from user 3 (type: rider)
Params: lat=23.81, lng=90.43
Found 47 rides matching criteria.
2026-02-06 03:40:17 - GET request from user 3 (type: rider)
Params: lat=23.81, lng=90.43
Found 47 rides matching criteria.
2026-02-06 03:40:18 - GET request from user 3 (type: rider)
Params: lat=23.81, lng=90.43
Found 47 rides matching criteria.
2026-02-06 03:40:18 - GET request from user 3 (type: rider)
Params: lat=23.81, lng=90.43
Found 47 rides matching criteria.
2026-02-06 03:40:19 - GET request from user 3 (type: rider)
Params: lat=23.81, lng=90.43
Found 47 rides matching criteria.
2026-02-06 03:40:19 - GET request from user 3 (type: rider)
Params: lat=23.81, lng=90.43
Found 47 rides matching criteria.
2026-02-06 03:40:20 - GET request from user 3 (type: rider)
Params: lat=23.81, lng=90.43
Found 47 rides matching criteria.
2026-02-06 03:40:20 - GET request from user 3 (type: rider)
Params: lat=23.81, lng=90.43
Found 47 rides matching criteria.
2026-02-06 03:40:21 - GET request from user 3 (type: rider)
Params: lat=23.81, lng=90.43
Found 47 rides matching criteria.
2026-02-06 03:40:21 - GET request from user 3 (type: rider)
Params: lat=23.81, lng=90.43
Found 47 rides matching criteria.
2026-02-06 03:40:22 - GET request from user 3 (type: rider)
Params: lat=23.81, lng=90.43
Found 47 rides matching criteria.
2026-02-06 03:40:22 - GET request from user 3 (type: rider)
Params: lat=23.81, lng=90.43
Found 47 rides matching criteria.
2026-02-06 03:40:23 - GET request from user 3 (type: rider)
Params: lat=23.81, lng=90.43
Found 47 rides matching criteria.
2026-02-06 03:40:23 - GET request from user 3 (type: rider)
Params: lat=23.81, lng=90.43
Found 47 rides matching criteria.
2026-02-06 03:40:24 - GET request from user 3 (type: rider)
Params: lat=23.81, lng=90.43
Found 47 rides matching criteria.
2026-02-06 03:40:24 - GET request from user 3 (type: rider)
Params: lat=23.81, lng=90.43
Found 47 rides matching criteria.
2026-02-06 03:40:25 - GET request from user 3 (type: rider)
Params: lat=23.81, lng=90.43
Found 47 rides matching criteria.
2026-02-06 03:40:25 - GET request from user 3 (type: rider)
Params: lat=23.81, lng=90.43
Found 47 rides matching criteria.
2026-02-06 03:40:26 - GET request from user 3 (type: rider)
Params: lat=23.81, lng=90.43
Found 47 rides matching criteria.
2026-02-06 03:40:26 - GET request from user 3 (type: rider)
Params: lat=23.81, lng=90.43
Found 47 rides matching criteria.
2026-02-06 03:40:27 - GET request from user 3 (type: rider)
Params: lat=23.81, lng=90.43
Found 47 rides matching criteria.
2026-02-06 03:40:27 - GET request from user 3 (type: rider)
Params: lat=23.81, lng=90.43
Found 47 rides matching criteria.
2026-02-06 03:40:28 - GET request from user 3 (type: rider)
Params: lat=23.81, lng=90.43
Found 47 rides matching criteria.
2026-02-06 03:40:28 - GET request from user 3 (type: rider)
Params: lat=23.81, lng=90.43
Found 47 rides matching criteria.
2026-02-06 03:40:29 - GET request from user 3 (type: rider)
Params: lat=23.81, lng=90.43
Found 47 rides matching criteria.
2026-02-06 03:40:29 - GET request from user 3 (type: rider)
Params: lat=23.81, lng=90.43
Found 47 rides matching criteria.
2026-02-06 03:40:30 - GET request from user 3 (type: rider)
Params: lat=23.81, lng=90.43
Found 47 rides matching criteria.
2026-02-06 03:40:30 - GET request from user 3 (type: rider)
Params: lat=23.81, lng=90.43
Found 47 rides matching criteria.
2026-02-06 03:40:31 - GET request from user 3 (type: rider)
Params: lat=23.81, lng=90.43
Found 47 rides matching criteria.
2026-02-06 03:40:31 - GET request from user 3 (type: rider)
Params: lat=23.81, lng=90.43
Found 47 rides matching criteria.
2026-02-06 03:40:32 - GET request from user 3 (type: rider)
Params: lat=23.81, lng=90.43
Found 47 rides matching criteria.
2026-02-06 03:40:32 - GET request from user 3 (type: rider)
Params: lat=23.81, lng=90.43
Found 47 rides matching criteria.
2026-02-06 03:40:33 - GET request from user 3 (type: rider)
Params: lat=23.81, lng=90.43
Found 47 rides matching criteria.
2026-02-06 03:40:33 - GET request from user 3 (type: rider)
Params: lat=23.81, lng=90.43
Found 47 rides matching criteria.
2026-02-06 03:40:34 - GET request from user 3 (type: rider)
Params: lat=23.81, lng=90.43
Found 47 rides matching criteria.
2026-02-06 03:40:34 - GET request from user 3 (type: rider)
Params: lat=23.81, lng=90.43
Found 47 rides matching criteria.
2026-02-06 03:40:35 - GET request from user 3 (type: rider)
Params: lat=23.81, lng=90.43
Found 47 rides matching criteria.
2026-02-06 03:40:35 - GET request from user 3 (type: rider)
Params: lat=23.81, lng=90.43
Found 47 rides matching criteria.
2026-02-06 03:40:36 - GET request from user 3 (type: rider)
Params: lat=23.81, lng=90.43
Found 47 rides matching criteria.
2026-02-06 03:40:36 - GET request from user 3 (type: rider)
Params: lat=23.81, lng=90.43
Found 47 rides matching criteria.
2026-02-06 03:40:37 - GET request from user 3 (type: rider)
Params: lat=23.81, lng=90.43
Found 47 rides matching criteria.
2026-02-06 03:40:37 - GET request from user 3 (type: rider)
Params: lat=23.81, lng=90.43
Found 47 rides matching criteria.
2026-02-06 03:40:38 - GET request from user 3 (type: rider)
Params: lat=23.81, lng=90.43
Found 47 rides matching criteria.
2026-02-06 03:40:38 - GET request from user 3 (type: rider)
Params: lat=23.81, lng=90.43
Found 47 rides matching criteria.
2026-02-06 03:40:39 - GET request from user 3 (type: rider)
Params: lat=23.81, lng=90.43
Found 47 rides matching criteria.
2026-02-06 03:40:39 - GET request from user 3 (type: rider)
Params: lat=23.81, lng=90.43
Found 47 rides matching criteria.
2026-02-06 03:40:40 - GET request from user 3 (type: rider)
Params: lat=23.81, lng=90.43
Found 47 rides matching criteria.
2026-02-06 03:40:40 - GET request from user 3 (type: rider)
Params: lat=23.81, lng=90.43
Found 47 rides matching criteria.
2026-02-06 03:40:41 - GET request from user 3 (type: rider)
Params: lat=23.81, lng=90.43
Found 47 rides matching criteria.
2026-02-06 03:40:41 - GET request from user 3 (type: rider)
Params: lat=23.81, lng=90.43
Found 47 rides matching criteria.
2026-02-06 03:40:42 - GET request from user 3 (type: rider)
Params: lat=23.81, lng=90.43
Found 47 rides matching criteria.
2026-02-06 03:40:42 - GET request from user 3 (type: rider)
Params: lat=23.81, lng=90.43
Found 47 rides matching criteria.
2026-02-06 03:40:43 - GET request from user 3 (type: rider)
Params: lat=23.81, lng=90.43
Found 47 rides matching criteria.
2026-02-06 03:40:43 - GET request from user 3 (type: rider)
Params: lat=23.81, lng=90.43
Found 47 rides matching criteria.
2026-02-06 03:40:44 - GET request from user 3 (type: rider)
Params: lat=23.81, lng=90.43
Found 47 rides matching criteria.
2026-02-06 03:40:44 - GET request from user 3 (type: rider)
Params: lat=23.81, lng=90.43
Found 47 rides matching criteria.
2026-02-06 03:40:45 - GET request from user 3 (type: rider)
Params: lat=23.81, lng=90.43
Found 47 rides matching criteria.
2026-02-06 03:40:45 - GET request from user 3 (type: rider)
Params: lat=23.81, lng=90.43
Found 47 rides matching criteria.
2026-02-06 03:40:46 - GET request from user 3 (type: rider)
Params: lat=23.81, lng=90.43
Found 47 rides matching criteria.
2026-02-06 03:40:46 - GET request from user 3 (type: rider)
Params: lat=23.81, lng=90.43
Found 47 rides matching criteria.
2026-02-06 03:40:47 - GET request from user 3 (type: rider)
Params: lat=23.81, lng=90.43
Found 47 rides matching criteria.
2026-02-06 03:40:47 - GET request from user 3 (type: rider)
Params: lat=23.81, lng=90.43
Found 47 rides matching criteria.
2026-02-06 03:40:48 - GET request from user 3 (type: rider)
Params: lat=23.81, lng=90.43
Found 47 rides matching criteria.
2026-02-06 03:40:48 - GET request from user 3 (type: rider)
Params: lat=23.81, lng=90.43
Found 47 rides matching criteria.
2026-02-06 03:40:49 - GET request from user 3 (type: rider)
Params: lat=23.81, lng=90.43
Found 47 rides matching criteria.
2026-02-06 03:40:49 - GET request from user 3 (type: rider)
Params: lat=23.81, lng=90.43
Found 47 rides matching criteria.
2026-02-06 03:40:50 - GET request from user 3 (type: rider)
Params: lat=23.81, lng=90.43
Found 47 rides matching criteria.
2026-02-06 03:40:50 - GET request from user 3 (type: rider)
Params: lat=23.81, lng=90.43
Found 47 rides matching criteria.
2026-02-06 03:40:51 - GET request from user 3 (type: rider)
Params: lat=23.81, lng=90.43
Found 47 rides matching criteria.
2026-02-06 03:40:51 - GET request from user 3 (type: rider)
Params: lat=23.81, lng=90.43
Found 47 rides matching criteria.
2026-02-06 03:40:52 - GET request from user 3 (type: rider)
Params: lat=23.81, lng=90.43
Found 47 rides matching criteria.
2026-02-06 03:40:52 - GET request from user 3 (type: rider)
Params: lat=23.81, lng=90.43
Found 47 rides matching criteria.
2026-02-06 03:40:53 - GET request from user 3 (type: rider)
Params: lat=23.81, lng=90.43
Found 47 rides matching criteria.
2026-02-06 03:40:53 - GET request from user 3 (type: rider)
Params: lat=23.81, lng=90.43
Found 47 rides matching criteria.
2026-02-06 03:40:54 - GET request from user 3 (type: rider)
Params: lat=23.81, lng=90.43
Found 47 rides matching criteria.
2026-02-06 03:40:54 - GET request from user 3 (type: rider)
Params: lat=23.81, lng=90.43
Found 47 rides matching criteria.
2026-02-06 03:40:55 - GET request from user 3 (type: rider)
Params: lat=23.81, lng=90.43
Found 47 rides matching criteria.
2026-02-06 03:40:55 - GET request from user 3 (type: rider)
Params: lat=23.81, lng=90.43
Found 47 rides matching criteria.
2026-02-06 03:40:56 - GET request from user 3 (type: rider)
Params: lat=23.81, lng=90.43
Found 47 rides matching criteria.
2026-02-06 03:40:56 - GET request from user 3 (type: rider)
Params: lat=23.81, lng=90.43
Found 47 rides matching criteria.
2026-02-06 03:40:57 - GET request from user 3 (type: rider)
Params: lat=23.81, lng=90.43
Found 47 rides matching criteria.
2026-02-06 03:40:57 - GET request from user 3 (type: rider)
Params: lat=23.81, lng=90.43
Found 47 rides matching criteria.
2026-02-06 03:40:58 - GET request from user 3 (type: rider)
Params: lat=23.81, lng=90.43
Found 47 rides matching criteria.
2026-02-06 03:40:58 - GET request from user 3 (type: rider)
Params: lat=23.81, lng=90.43
Found 47 rides matching criteria.
2026-02-06 03:40:59 - GET request from user 3 (type: rider)
Params: lat=23.81, lng=90.43
Found 47 rides matching criteria.
2026-02-06 03:40:59 - GET request from user 3 (type: rider)
Params: lat=23.81, lng=90.43
Found 47 rides matching criteria.
2026-02-06 03:41:00 - GET request from user 3 (type: rider)
Params: lat=23.81, lng=90.43
Found 47 rides matching criteria.
2026-02-06 03:41:00 - GET request from user 3 (type: rider)
Params: lat=23.81, lng=90.43
Found 47 rides matching criteria.
2026-02-06 03:41:01 - GET request from user 3 (type: rider)
Params: lat=23.81, lng=90.43
Found 47 rides matching criteria.
2026-02-06 03:41:01 - GET request from user 3 (type: rider)
Params: lat=23.81, lng=90.43
Found 47 rides matching criteria.
2026-02-06 03:41:02 - GET request from user 3 (type: rider)
Params: lat=23.81, lng=90.43
Found 47 rides matching criteria.
2026-02-06 03:41:02 - GET request from user 3 (type: rider)
Params: lat=23.81, lng=90.43
Found 47 rides matching criteria.
2026-02-06 03:41:03 - GET request from user 3 (type: rider)
Params: lat=23.81, lng=90.43
Found 47 rides matching criteria.
2026-02-06 03:41:03 - GET request from user 3 (type: rider)
Params: lat=23.81, lng=90.43
Found 47 rides matching criteria.
2026-02-06 03:41:04 - GET request from user 3 (type: rider)
Params: lat=23.81, lng=90.43
Found 47 rides matching criteria.
2026-02-06 03:41:04 - GET request from user 3 (type: rider)
Params: lat=23.81, lng=90.43
Found 47 rides matching criteria.
2026-02-06 03:41:05 - GET request from user 3 (type: rider)
Params: lat=23.81, lng=90.43
Found 47 rides matching criteria.
2026-02-06 03:41:05 - GET request from user 3 (type: rider)
Params: lat=23.81, lng=90.43
Found 47 rides matching criteria.
2026-02-06 03:41:06 - GET request from user 3 (type: rider)
Params: lat=23.81, lng=90.43
Found 47 rides matching criteria.
2026-02-06 03:41:06 - GET request from user 3 (type: rider)
Params: lat=23.81, lng=90.43
Found 47 rides matching criteria.
2026-02-06 03:41:07 - GET request from user 3 (type: rider)
Params: lat=23.81, lng=90.43
Found 47 rides matching criteria.
2026-02-06 03:41:07 - GET request from user 3 (type: rider)
Params: lat=23.81, lng=90.43
Found 47 rides matching criteria.
2026-02-06 03:41:08 - GET request from user 3 (type: rider)
Params: lat=23.81, lng=90.43
Found 47 rides matching criteria.
2026-02-06 03:41:08 - GET request from user 3 (type: rider)
Params: lat=23.81, lng=90.43
Found 47 rides matching criteria.
2026-02-06 03:41:09 - GET request from user 3 (type: rider)
Params: lat=23.81, lng=90.43
Found 47 rides matching criteria.
2026-02-06 03:41:09 - GET request from user 3 (type: rider)
Params: lat=23.81, lng=90.43
Found 47 rides matching criteria.
2026-02-06 03:41:10 - GET request from user 3 (type: rider)
Params: lat=23.81, lng=90.43
Found 47 rides matching criteria.
2026-02-06 03:41:10 - GET request from user 3 (type: rider)
Params: lat=23.81, lng=90.43
Found 47 rides matching criteria.
2026-02-06 03:41:11 - GET request from user 3 (type: rider)
Params: lat=23.81, lng=90.43
Found 47 rides matching criteria.
2026-02-06 03:41:11 - GET request from user 3 (type: rider)
Params: lat=23.81, lng=90.43
Found 47 rides matching criteria.
2026-02-06 03:41:12 - GET request from user 3 (type: rider)
Params: lat=23.81, lng=90.43
Found 47 rides matching criteria.
2026-02-06 03:41:12 - GET request from user 3 (type: rider)
Params: lat=23.81, lng=90.43
Found 47 rides matching criteria.
2026-02-06 03:41:13 - GET request from user 3 (type: rider)
Params: lat=23.81, lng=90.43
Found 47 rides matching criteria.
2026-02-06 03:41:13 - GET request from user 3 (type: rider)
Params: lat=23.81, lng=90.43
Found 47 rides matching criteria.
2026-02-06 03:41:14 - GET request from user 3 (type: rider)
Params: lat=23.81, lng=90.43
Found 47 rides matching criteria.
2026-02-06 03:41:14 - GET request from user 3 (type: rider)
Params: lat=23.81, lng=90.43
Found 47 rides matching criteria.
2026-02-06 03:41:15 - GET request from user 3 (type: rider)
Params: lat=23.81, lng=90.43
Found 47 rides matching criteria.
2026-02-06 03:41:15 - GET request from user 3 (type: rider)
Params: lat=23.81, lng=90.43
Found 47 rides matching criteria.
2026-02-06 03:41:16 - GET request from user 3 (type: rider)
Params: lat=23.81, lng=90.43
Found 47 rides matching criteria.
2026-02-06 03:41:16 - GET request from user 3 (type: rider)
Params: lat=23.81, lng=90.43
Found 47 rides matching criteria.
2026-02-06 03:41:17 - GET request from user 3 (type: rider)
Params: lat=23.81, lng=90.43
Found 47 rides matching criteria.
2026-02-06 03:41:17 - GET request from user 3 (type: rider)
Params: lat=23.81, lng=90.43
Found 47 rides matching criteria.
2026-02-06 03:41:18 - GET request from user 3 (type: rider)
Params: lat=23.81, lng=90.43
Found 47 rides matching criteria.
2026-02-06 03:41:18 - GET request from user 3 (type: rider)
Params: lat=23.81, lng=90.43
Found 47 rides matching criteria.
2026-02-06 03:41:19 - GET request from user 3 (type: rider)
Params: lat=23.81, lng=90.43
Found 47 rides matching criteria.
2026-02-06 03:41:19 - GET request from user 3 (type: rider)
Params: lat=23.81, lng=90.43
Found 47 rides matching criteria.
2026-02-06 03:41:20 - GET request from user 3 (type: rider)
Params: lat=23.81, lng=90.43
Found 47 rides matching criteria.
2026-02-06 03:41:20 - GET request from user 3 (type: rider)
Params: lat=23.81, lng=90.43
Found 47 rides matching criteria.
2026-02-06 03:41:21 - GET request from user 3 (type: rider)
Params: lat=23.81, lng=90.43
Found 47 rides matching criteria.
2026-02-06 03:41:21 - GET request from user 3 (type: rider)
Params: lat=23.81, lng=90.43
Found 47 rides matching criteria.
2026-02-06 03:41:22 - GET request from user 3 (type: rider)
Params: lat=23.81, lng=90.43
Found 47 rides matching criteria.
2026-02-06 03:41:22 - GET request from user 3 (type: rider)
Params: lat=23.81, lng=90.43
Found 47 rides matching criteria.
2026-02-06 03:41:23 - GET request from user 3 (type: rider)
Params: lat=23.81, lng=90.43
Found 47 rides matching criteria.
2026-02-06 03:41:23 - GET request from user 3 (type: rider)
Params: lat=23.81, lng=90.43
Found 47 rides matching criteria.
2026-02-06 03:41:24 - GET request from user 3 (type: rider)
Params: lat=23.81, lng=90.43
Found 47 rides matching criteria.
2026-02-06 03:41:24 - GET request from user 3 (type: rider)
Params: lat=23.81, lng=90.43
Found 47 rides matching criteria.
2026-02-06 03:41:25 - GET request from user 3 (type: rider)
Params: lat=23.81, lng=90.43
Found 47 rides matching criteria.
2026-02-06 03:41:25 - GET request from user 3 (type: rider)
Params: lat=23.81, lng=90.43
Found 47 rides matching criteria.
2026-02-06 03:41:26 - GET request from user 3 (type: rider)
Params: lat=23.81, lng=90.43
Found 47 rides matching criteria.
2026-02-06 03:41:26 - GET request from user 3 (type: rider)
Params: lat=23.81, lng=90.43
Found 47 rides matching criteria.
2026-02-06 03:41:27 - GET request from user 3 (type: rider)
Params: lat=23.81, lng=90.43
Found 47 rides matching criteria.
2026-02-06 03:41:27 - GET request from user 3 (type: rider)
Params: lat=23.81, lng=90.43
Found 47 rides matching criteria.
2026-02-06 03:41:28 - GET request from user 3 (type: rider)
Params: lat=23.81, lng=90.43
Found 47 rides matching criteria.
2026-02-06 03:41:28 - GET request from user 3 (type: rider)
Params: lat=23.81, lng=90.43
Found 47 rides matching criteria.
2026-02-06 03:41:29 - GET request from user 3 (type: rider)
Params: lat=23.81, lng=90.43
Found 47 rides matching criteria.
2026-02-06 03:41:29 - GET request from user 3 (type: rider)
Params: lat=23.81, lng=90.43
Found 47 rides matching criteria.
2026-02-06 03:41:30 - GET request from user 3 (type: rider)
Params: lat=23.81, lng=90.43
Found 47 rides matching criteria.
2026-02-06 03:41:30 - GET request from user 3 (type: rider)
Params: lat=23.81, lng=90.43
Found 47 rides matching criteria.
2026-02-06 03:41:31 - GET request from user 3 (type: rider)
Params: lat=23.81, lng=90.43
Found 47 rides matching criteria.
2026-02-06 03:41:31 - GET request from user 3 (type: rider)
Params: lat=23.81, lng=90.43
Found 47 rides matching criteria.
2026-02-06 03:41:32 - GET request from user 3 (type: rider)
Params: lat=23.81, lng=90.43
Found 47 rides matching criteria.
2026-02-06 03:41:32 - GET request from user 3 (type: rider)
Params: lat=23.81, lng=90.43
Found 47 rides matching criteria.
2026-02-06 03:41:33 - GET request from user 3 (type: rider)
Params: lat=23.81, lng=90.43
Found 47 rides matching criteria.
2026-02-06 03:41:33 - GET request from user 3 (type: rider)
Params: lat=23.81, lng=90.43
Found 47 rides matching criteria.
2026-02-06 03:41:34 - GET request from user 3 (type: rider)
Params: lat=23.81, lng=90.43
Found 47 rides matching criteria.
2026-02-06 03:41:34 - GET request from user 3 (type: rider)
Params: lat=23.81, lng=90.43
Found 47 rides matching criteria.
2026-02-06 03:41:35 - GET request from user 3 (type: rider)
Params: lat=23.81, lng=90.43
Found 47 rides matching criteria.
2026-02-06 03:41:35 - GET request from user 3 (type: rider)
Params: lat=23.81, lng=90.43
Found 47 rides matching criteria.
2026-02-06 03:41:36 - GET request from user 3 (type: rider)
Params: lat=23.81, lng=90.43
Found 47 rides matching criteria.
2026-02-06 03:41:36 - GET request from user 3 (type: rider)
Params: lat=23.81, lng=90.43
Found 47 rides matching criteria.
2026-02-06 03:41:37 - GET request from user 3 (type: rider)
Params: lat=23.81, lng=90.43
Found 47 rides matching criteria.
2026-02-06 03:41:37 - GET request from user 3 (type: rider)
Params: lat=23.81, lng=90.43
Found 47 rides matching criteria.
2026-02-06 03:41:38 - GET request from user 3 (type: rider)
Params: lat=23.81, lng=90.43
Found 47 rides matching criteria.
2026-02-06 03:41:38 - GET request from user 3 (type: rider)
Params: lat=23.81, lng=90.43
Found 47 rides matching criteria.
2026-02-06 03:41:39 - GET request from user 3 (type: rider)
Params: lat=23.81, lng=90.43
Found 47 rides matching criteria.
2026-02-06 03:41:39 - GET request from user 3 (type: rider)
Params: lat=23.81, lng=90.43
Found 47 rides matching criteria.
2026-02-06 03:41:40 - GET request from user 3 (type: rider)
Params: lat=23.81, lng=90.43
Found 47 rides matching criteria.
2026-02-06 03:41:40 - GET request from user 3 (type: rider)
Params: lat=23.81, lng=90.43
Found 47 rides matching criteria.
2026-02-06 03:41:41 - GET request from user 3 (type: rider)
Params: lat=23.81, lng=90.43
Found 47 rides matching criteria.
2026-02-06 03:41:41 - GET request from user 3 (type: rider)
Params: lat=23.81, lng=90.43
Found 47 rides matching criteria.
2026-02-06 03:41:42 - GET request from user 3 (type: rider)
Params: lat=23.81, lng=90.43
Found 47 rides matching criteria.
2026-02-06 03:41:42 - GET request from user 3 (type: rider)
Params: lat=23.81, lng=90.43
Found 47 rides matching criteria.
2026-02-06 03:41:43 - GET request from user 3 (type: rider)
Params: lat=23.81, lng=90.43
Found 47 rides matching criteria.
2026-02-06 03:41:43 - GET request from user 3 (type: rider)
Params: lat=23.81, lng=90.43
Found 47 rides matching criteria.
2026-02-06 03:41:44 - GET request from user 3 (type: rider)
Params: lat=23.81, lng=90.43
Found 47 rides matching criteria.
2026-02-06 03:41:44 - GET request from user 3 (type: rider)
Params: lat=23.81, lng=90.43
Found 47 rides matching criteria.
2026-02-06 03:41:45 - GET request from user 3 (type: rider)
Params: lat=23.81, lng=90.43
Found 47 rides matching criteria.
2026-02-06 03:41:45 - GET request from user 3 (type: rider)
Params: lat=23.81, lng=90.43
Found 47 rides matching criteria.
2026-02-06 03:41:46 - GET request from user 3 (type: rider)
Params: lat=23.81, lng=90.43
Found 47 rides matching criteria.
2026-02-06 03:41:46 - GET request from user 3 (type: rider)
Params: lat=23.81, lng=90.43
Found 47 rides matching criteria.
2026-02-06 03:41:47 - GET request from user 3 (type: rider)
Params: lat=23.81, lng=90.43
Found 47 rides matching criteria.
2026-02-06 03:41:47 - GET request from user 3 (type: rider)
Params: lat=23.81, lng=90.43
Found 47 rides matching criteria.
2026-02-06 03:41:48 - GET request from user 3 (type: rider)
Params: lat=23.81, lng=90.43
Found 47 rides matching criteria.
2026-02-06 03:41:48 - GET request from user 3 (type: rider)
Params: lat=23.81, lng=90.43
Found 47 rides matching criteria.
2026-02-06 03:41:49 - GET request from user 3 (type: rider)
Params: lat=23.81, lng=90.43
Found 47 rides matching criteria.
2026-02-06 03:41:49 - GET request from user 3 (type: rider)
Params: lat=23.81, lng=90.43
Found 47 rides matching criteria.
2026-02-06 03:41:50 - GET request from user 3 (type: rider)
Params: lat=23.81, lng=90.43
Found 47 rides matching criteria.
2026-02-06 03:41:50 - GET request from user 3 (type: rider)
Params: lat=23.81, lng=90.43
Found 47 rides matching criteria.
2026-02-06 03:41:51 - GET request from user 3 (type: rider)
Params: lat=23.81, lng=90.43
Found 47 rides matching criteria.
2026-02-06 03:41:51 - GET request from user 3 (type: rider)
Params: lat=23.81, lng=90.43
Found 47 rides matching criteria.
2026-02-06 03:41:52 - GET request from user 3 (type: rider)
Params: lat=23.81, lng=90.43
Found 47 rides matching criteria.
2026-02-06 03:41:52 - GET request from user 3 (type: rider)
Params: lat=23.81, lng=90.43
Found 47 rides matching criteria.
2026-02-06 03:41:53 - GET request from user 3 (type: rider)
Params: lat=23.81, lng=90.43
Found 47 rides matching criteria.
2026-02-06 03:41:53 - GET request from user 3 (type: rider)
Params: lat=23.81, lng=90.43
Found 47 rides matching criteria.
2026-02-06 03:41:54 - GET request from user 3 (type: rider)
Params: lat=23.81, lng=90.43
Found 47 rides matching criteria.
2026-02-06 03:41:54 - GET request from user 3 (type: rider)
Params: lat=23.81, lng=90.43
Found 47 rides matching criteria.
2026-02-06 03:41:55 - GET request from user 3 (type: rider)
Params: lat=23.81, lng=90.43
Found 47 rides matching criteria.
2026-02-06 03:41:55 - GET request from user 3 (type: rider)
Params: lat=23.81, lng=90.43
Found 47 rides matching criteria.
2026-02-06 03:41:56 - GET request from user 3 (type: rider)
Params: lat=23.81, lng=90.43
Found 47 rides matching criteria.
2026-02-06 03:41:56 - GET request from user 3 (type: rider)
Params: lat=23.81, lng=90.43
Found 47 rides matching criteria.
2026-02-06 03:41:57 - GET request from user 3 (type: rider)
Params: lat=23.81, lng=90.43
Found 47 rides matching criteria.
2026-02-06 03:41:57 - GET request from user 3 (type: rider)
Params: lat=23.81, lng=90.43
Found 47 rides matching criteria.
2026-02-06 03:41:58 - GET request from user 3 (type: rider)
Params: lat=23.81, lng=90.43
Found 47 rides matching criteria.
2026-02-06 03:41:58 - GET request from user 3 (type: rider)
Params: lat=23.81, lng=90.43
Found 47 rides matching criteria.
2026-02-06 03:42:03 - GET request from user 3 (type: rider)
Params: lat=23.81, lng=90.43
Found 47 rides matching criteria.
2026-02-06 03:42:08 - GET request from user 3 (type: rider)
Params: lat=23.81, lng=90.43
Found 47 rides matching criteria.
2026-02-06 03:42:13 - GET request from user 3 (type: rider)
Params: lat=23.81, lng=90.43
Found 47 rides matching criteria.
2026-02-06 03:42:18 - GET request from user 3 (type: rider)
Params: lat=23.81, lng=90.43
Found 47 rides matching criteria.
2026-02-06 03:42:23 - GET request from user 3 (type: rider)
Params: lat=23.81, lng=90.43
Found 47 rides matching criteria.
2026-02-06 03:42:28 - GET request from user 3 (type: rider)
Params: lat=23.81, lng=90.43
Found 47 rides matching criteria.
2026-02-06 03:42:33 - GET request from user 3 (type: rider)
Params: lat=23.81, lng=90.43
Found 47 rides matching criteria.
2026-02-06 03:42:38 - GET request from user 3 (type: rider)
Params: lat=23.81, lng=90.43
Found 47 rides matching criteria.
2026-02-06 03:42:43 - GET request from user 3 (type: rider)
Params: lat=23.81, lng=90.43
Found 47 rides matching criteria.
2026-02-06 03:42:48 - GET request from user 3 (type: rider)
Params: lat=23.81, lng=90.43
Found 47 rides matching criteria.
2026-02-06 03:42:52 - GET request from user 15 (type: customer)
2026-02-06 03:42:53 - GET request from user 3 (type: rider)
Params: lat=23.81, lng=90.43
Found 47 rides matching criteria.
2026-02-06 03:42:53 - GET request from user 15 (type: customer)
2026-02-06 03:42:54 - GET request from user 15 (type: customer)
2026-02-06 03:42:55 - GET request from user 15 (type: customer)
2026-02-06 03:42:56 - GET request from user 15 (type: customer)
2026-02-06 03:42:57 - GET request from user 15 (type: customer)
2026-02-06 03:42:58 - GET request from user 3 (type: rider)
Params: lat=23.81, lng=90.43
Found 47 rides matching criteria.
2026-02-06 03:42:58 - GET request from user 15 (type: customer)
2026-02-06 03:42:59 - GET request from user 15 (type: customer)
2026-02-06 03:43:00 - GET request from user 15 (type: customer)
2026-02-06 03:43:01 - GET request from user 15 (type: customer)
Ride created successfully for user 15
2026-02-06 03:43:02 - GET request from user 15 (type: customer)
2026-02-06 03:43:03 - GET request from user 3 (type: rider)
Params: lat=23.81, lng=90.43
Found 48 rides matching criteria.
2026-02-06 03:43:03 - GET request from user 15 (type: customer)
2026-02-06 03:43:04 - GET request from user 15 (type: customer)
2026-02-06 03:43:08 - GET request from user 3 (type: rider)
Params: lat=23.81, lng=90.43
Found 48 rides matching criteria.
2026-02-06 03:43:08 - GET request from user 3 (type: rider)
Params: lat=23.81, lng=90.43
Found 48 rides matching criteria.
2026-02-06 03:43:09 - GET request from user 3 (type: rider)
Params: lat=23.81, lng=90.43
Found 48 rides matching criteria.
2026-02-06 03:43:13 - GET request from user 3 (type: rider)
Params: lat=23.81, lng=90.43
Found 48 rides matching criteria.
2026-02-06 03:43:17 - GET request from user 15 (type: customer)
2026-02-06 03:43:18 - GET request from user 15 (type: customer)
2026-02-06 03:43:18 - GET request from user 3 (type: rider)
Params: lat=23.81, lng=90.43
Found 48 rides matching criteria.
2026-02-06 03:43:19 - GET request from user 15 (type: customer)
2026-02-06 03:43:19 - GET request from user 15 (type: customer)
2026-02-06 03:43:19 - GET request from user 15 (type: customer)
2026-02-06 03:43:19 - GET request from user 15 (type: customer)
2026-02-06 03:43:23 - GET request from user 3 (type: rider)
Params: lat=23.81, lng=90.43
Found 48 rides matching criteria.
2026-02-06 03:43:25 - GET request from user 3 (type: rider)
Params: lat=23.81, lng=90.43
Found 48 rides matching criteria.
2026-02-06 03:43:29 - GET request from user 3 (type: rider)
Params: lat=23.81, lng=90.43
Found 48 rides matching criteria.
2026-02-06 03:43:33 - GET request from user 3 (type: rider)
Params: lat=23.81, lng=90.43
Found 48 rides matching criteria.
2026-02-06 03:43:38 - GET request from user 3 (type: rider)
Params: lat=23.81, lng=90.43
Found 48 rides matching criteria.
2026-02-06 03:43:43 - GET request from user 3 (type: rider)
Params: lat=23.81, lng=90.43
Found 48 rides matching criteria.
2026-02-06 03:43:48 - GET request from user 3 (type: rider)
Params: lat=23.81, lng=90.43
Found 48 rides matching criteria.
2026-02-06 03:43:49 - GET request from user 15 (type: customer)
2026-02-06 03:43:49 - GET request from user 15 (type: customer)
2026-02-06 03:43:53 - GET request from user 3 (type: rider)
Params: lat=23.81, lng=90.43
Found 48 rides matching criteria.
2026-02-06 03:43:53 - GET request from user 3 (type: rider)
Params: lat=23.81, lng=90.43
Found 48 rides matching criteria.
2026-02-06 03:43:58 - GET request from user 3 (type: rider)
Params: lat=23.81, lng=90.43
Found 48 rides matching criteria.
2026-02-06 03:44:03 - GET request from user 3 (type: rider)
Params: lat=23.81, lng=90.43
Found 48 rides matching criteria.
2026-02-06 03:44:09 - GET request from user 3 (type: rider)
Params: lat=23.81, lng=90.43
Found 48 rides matching criteria.
2026-02-06 03:44:13 - GET request from user 3 (type: rider)
Params: lat=23.81, lng=90.43
Found 48 rides matching criteria.
2026-02-06 03:44:19 - GET request from user 3 (type: rider)
Params: lat=23.81, lng=90.43
Found 48 rides matching criteria.
2026-02-06 03:44:23 - GET request from user 3 (type: rider)
Params: lat=23.81, lng=90.43
Found 48 rides matching criteria.
2026-02-06 03:44:28 - GET request from user 3 (type: rider)
Params: lat=23.81, lng=90.43
Found 48 rides matching criteria.
2026-02-06 03:44:34 - GET request from user 3 (type: rider)
Params: lat=23.81, lng=90.43
Found 48 rides matching criteria.
2026-02-06 03:44:36 - GET request from user 15 (type: customer)
2026-02-06 03:44:37 - GET request from user 15 (type: customer)
2026-02-06 03:44:38 - GET request from user 3 (type: rider)
Params: lat=23.81, lng=90.43
Found 48 rides matching criteria.
2026-02-06 03:44:42 - GET request from user 3 (type: rider)
Params: lat=23.81, lng=90.43
Found 48 rides matching criteria.
2026-02-06 03:44:43 - GET request from user 3 (type: rider)
Params: lat=23.81, lng=90.43
Found 48 rides matching criteria.
2026-02-06 03:44:49 - GET request from user 3 (type: rider)
Params: lat=23.81, lng=90.43
Found 48 rides matching criteria.
2026-02-06 03:44:53 - GET request from user 3 (type: rider)
Params: lat=23.81, lng=90.43
Found 48 rides matching criteria.
2026-02-06 03:44:58 - GET request from user 3 (type: rider)
Params: lat=23.81, lng=90.43
Found 48 rides matching criteria.
2026-02-06 03:44:59 - GET request from user 15 (type: customer)
2026-02-06 03:44:59 - GET request from user 15 (type: customer)
2026-02-06 03:45:03 - GET request from user 3 (type: rider)
Params: lat=23.81, lng=90.43
Found 48 rides matching criteria.
2026-02-06 03:45:08 - GET request from user 3 (type: rider)
Params: lat=23.81, lng=90.43
Found 48 rides matching criteria.
2026-02-06 03:45:13 - GET request from user 3 (type: rider)
Params: lat=23.81, lng=90.43
Found 48 rides matching criteria.
2026-02-06 03:45:18 - GET request from user 3 (type: rider)
Params: lat=23.81, lng=90.43
Found 48 rides matching criteria.
2026-02-06 03:45:23 - GET request from user 3 (type: rider)
Params: lat=23.81, lng=90.43
Found 48 rides matching criteria.
2026-02-06 03:45:28 - GET request from user 3 (type: rider)
Params: lat=23.81, lng=90.43
Found 48 rides matching criteria.
2026-02-06 03:45:33 - GET request from user 3 (type: rider)
Params: lat=23.81, lng=90.43
Found 48 rides matching criteria.
2026-02-06 03:45:38 - GET request from user 3 (type: rider)
Params: lat=23.81, lng=90.43
Found 48 rides matching criteria.
2026-02-06 03:45:43 - GET request from user 3 (type: rider)
Params: lat=23.81, lng=90.43
Found 48 rides matching criteria.
2026-02-06 03:45:48 - GET request from user 3 (type: rider)
Params: lat=23.81, lng=90.43
Found 48 rides matching criteria.
2026-02-06 03:45:53 - GET request from user 3 (type: rider)
Params: lat=23.81, lng=90.43
Found 48 rides matching criteria.
2026-02-06 03:45:58 - GET request from user 3 (type: rider)
Params: lat=23.81, lng=90.43
Found 48 rides matching criteria.
2026-02-06 03:46:03 - GET request from user 3 (type: rider)
Params: lat=23.81, lng=90.43
Found 48 rides matching criteria.
2026-02-06 03:46:08 - GET request from user 3 (type: rider)
Params: lat=23.81, lng=90.43
Found 48 rides matching criteria.
2026-02-06 03:46:13 - GET request from user 3 (type: rider)
Params: lat=23.81, lng=90.43
Found 48 rides matching criteria.
2026-02-06 03:46:18 - GET request from user 3 (type: rider)
Params: lat=23.81, lng=90.43
Found 48 rides matching criteria.
2026-02-06 03:46:23 - GET request from user 3 (type: rider)
Params: lat=23.81, lng=90.43
Found 48 rides matching criteria.
2026-02-06 03:46:28 - GET request from user 3 (type: rider)
Params: lat=23.81, lng=90.43
Found 48 rides matching criteria.
2026-02-06 03:46:33 - GET request from user 3 (type: rider)
Params: lat=23.81, lng=90.43
Found 48 rides matching criteria.
2026-02-06 03:46:38 - GET request from user 3 (type: rider)
Params: lat=23.81, lng=90.43
Found 48 rides matching criteria.
2026-02-06 03:46:44 - GET request from user 3 (type: rider)
Params: lat=23.81, lng=90.43
Found 48 rides matching criteria.
2026-02-06 03:46:48 - GET request from user 3 (type: rider)
Params: lat=23.81, lng=90.43
Found 48 rides matching criteria.
2026-02-06 03:46:53 - GET request from user 3 (type: rider)
Params: lat=23.81, lng=90.43
Found 48 rides matching criteria.
2026-02-06 03:46:58 - GET request from user 3 (type: rider)
Params: lat=23.81, lng=90.43
Found 48 rides matching criteria.
2026-02-06 03:47:03 - GET request from user 3 (type: rider)
Params: lat=23.81, lng=90.43
Found 48 rides matching criteria.
2026-02-06 03:47:08 - GET request from user 3 (type: rider)
Params: lat=23.81, lng=90.43
Found 48 rides matching criteria.
2026-02-06 03:47:13 - GET request from user 3 (type: rider)
Params: lat=23.81, lng=90.43
Found 48 rides matching criteria.
2026-02-06 03:47:18 - GET request from user 3 (type: rider)
Params: lat=23.81, lng=90.43
Found 48 rides matching criteria.
2026-02-06 03:47:23 - GET request from user 3 (type: rider)
Params: lat=23.81, lng=90.43
Found 48 rides matching criteria.
2026-02-06 03:47:28 - GET request from user 3 (type: rider)
Params: lat=23.81, lng=90.43
Found 48 rides matching criteria.
2026-02-06 03:47:33 - GET request from user 3 (type: rider)
Params: lat=23.81, lng=90.43
Found 48 rides matching criteria.
2026-02-06 03:47:39 - GET request from user 3 (type: rider)
Params: lat=23.81, lng=90.43
Found 48 rides matching criteria.
2026-02-06 03:47:43 - GET request from user 3 (type: rider)
Params: lat=23.81, lng=90.43
Found 48 rides matching criteria.
2026-02-06 03:47:48 - GET request from user 3 (type: rider)
Params: lat=23.81, lng=90.43
Found 48 rides matching criteria.
2026-02-06 03:47:53 - GET request from user 3 (type: rider)
Params: lat=23.81, lng=90.43
Found 48 rides matching criteria.
2026-02-06 03:47:55 - GET request from user 15 (type: customer)
2026-02-06 03:47:56 - GET request from user 15 (type: customer)
2026-02-06 03:47:57 - GET request from user 15 (type: customer)
2026-02-06 03:47:58 - GET request from user 15 (type: customer)
2026-02-06 03:47:59 - GET request from user 3 (type: rider)
Params: lat=23.81, lng=90.43
Found 48 rides matching criteria.
2026-02-06 03:47:59 - GET request from user 15 (type: customer)
2026-02-06 03:48:00 - GET request from user 15 (type: customer)
2026-02-06 03:48:01 - GET request from user 15 (type: customer)
2026-02-06 03:48:02 - GET request from user 15 (type: customer)
2026-02-06 03:48:03 - GET request from user 15 (type: customer)
2026-02-06 03:48:03 - GET request from user 3 (type: rider)
Params: lat=23.81, lng=90.43
Found 48 rides matching criteria.
2026-02-06 03:48:04 - GET request from user 15 (type: customer)
2026-02-06 03:48:05 - GET request from user 15 (type: customer)
2026-02-06 03:48:06 - GET request from user 15 (type: customer)
Ride created successfully for user 15
2026-02-06 03:48:07 - GET request from user 15 (type: customer)
2026-02-06 03:48:08 - GET request from user 3 (type: rider)
Params: lat=23.81, lng=90.43
Found 49 rides matching criteria.
2026-02-06 03:48:09 - GET request from user 15 (type: customer)
2026-02-06 03:48:09 - GET request from user 15 (type: customer)
2026-02-06 03:48:09 - GET request from user 15 (type: customer)
2026-02-06 03:48:13 - GET request from user 3 (type: rider)
Params: lat=23.81, lng=90.43
Found 49 rides matching criteria.
2026-02-06 03:48:15 - GET request from user 3 (type: rider)
Params: lat=23.81, lng=90.43
Found 49 rides matching criteria.
2026-02-06 03:48:15 - GET request from user 3 (type: rider)
Params: lat=23.81, lng=90.43
Found 49 rides matching criteria.
2026-02-06 03:48:19 - GET request from user 3 (type: rider)
Params: lat=23.81, lng=90.43
Found 49 rides matching criteria.
2026-02-06 03:48:24 - GET request from user 3 (type: rider)
Params: lat=23.81, lng=90.43
Found 49 rides matching criteria.
2026-02-06 03:48:30 - GET request from user 3 (type: rider)
Params: lat=23.81, lng=90.43
Found 49 rides matching criteria.
2026-02-06 03:48:35 - GET request from user 3 (type: rider)
Params: lat=23.81, lng=90.43
Found 49 rides matching criteria.
2026-02-06 03:48:36 - GET request from user 3 (type: rider)
Params: lat=23.81, lng=90.43
Found 49 rides matching criteria.
2026-02-06 03:48:39 - GET request from user 3 (type: rider)
Params: lat=23.81, lng=90.43
Found 49 rides matching criteria.
2026-02-06 03:48:40 - GET request from user 15 (type: customer)
2026-02-06 03:48:40 - GET request from user 15 (type: customer)
2026-02-06 03:48:44 - GET request from user 3 (type: rider)
Params: lat=23.81, lng=90.43
Found 49 rides matching criteria.
2026-02-06 03:48:46 - GET request from user 3 (type: rider)
Params: lat=23.81, lng=90.43
Found 49 rides matching criteria.
2026-02-06 03:48:50 - GET request from user 3 (type: rider)
Params: lat=23.81, lng=90.43
Found 49 rides matching criteria.
2026-02-06 03:48:55 - GET request from user 3 (type: rider)
Params: lat=23.81, lng=90.43
Found 49 rides matching criteria.
2026-02-06 03:48:59 - GET request from user 3 (type: rider)
Params: lat=23.81, lng=90.43
Found 49 rides matching criteria.
2026-02-06 03:49:04 - GET request from user 3 (type: rider)
Params: lat=23.81, lng=90.43
Found 49 rides matching criteria.
2026-02-06 03:49:09 - GET request from user 3 (type: rider)
Params: lat=23.81, lng=90.43
Found 49 rides matching criteria.
2026-02-06 03:49:14 - GET request from user 3 (type: rider)
Params: lat=23.81, lng=90.43
Found 49 rides matching criteria.
2026-02-06 03:49:15 - GET request from user 15 (type: customer)
2026-02-06 03:49:15 - GET request from user 15 (type: customer)
2026-02-06 03:49:19 - GET request from user 3 (type: rider)
Params: lat=23.81, lng=90.43
Found 49 rides matching criteria.
2026-02-06 03:49:25 - GET request from user 3 (type: rider)
Params: lat=23.81, lng=90.43
Found 49 rides matching criteria.
2026-02-06 03:49:29 - GET request from user 3 (type: rider)
Params: lat=23.81, lng=90.43
Found 49 rides matching criteria.
2026-02-06 03:49:35 - GET request from user 3 (type: rider)
Params: lat=23.81, lng=90.43
Found 49 rides matching criteria.
2026-02-06 03:49:39 - GET request from user 3 (type: rider)
Params: lat=23.81, lng=90.43
Found 49 rides matching criteria.
2026-02-06 03:49:44 - GET request from user 3 (type: rider)
Params: lat=23.81, lng=90.43
Found 49 rides matching criteria.
2026-02-06 03:49:50 - GET request from user 3 (type: rider)
Params: lat=23.81, lng=90.43
Found 49 rides matching criteria.
2026-02-06 03:49:54 - GET request from user 3 (type: rider)
Params: lat=23.81, lng=90.43
Found 49 rides matching criteria.
2026-02-06 03:50:00 - GET request from user 3 (type: rider)
Params: lat=23.81, lng=90.43
Found 49 rides matching criteria.
2026-02-06 03:50:05 - GET request from user 3 (type: rider)
Params: lat=23.81, lng=90.43
Found 49 rides matching criteria.
2026-02-06 03:50:10 - GET request from user 3 (type: rider)
Params: lat=23.81, lng=90.43
Found 49 rides matching criteria.
2026-02-06 03:50:14 - GET request from user 3 (type: rider)
Params: lat=23.81, lng=90.43
Found 49 rides matching criteria.
2026-02-06 03:50:20 - GET request from user 3 (type: rider)
Params: lat=23.81, lng=90.43
Found 49 rides matching criteria.
2026-02-06 03:50:24 - GET request from user 3 (type: rider)
Params: lat=23.81, lng=90.43
Found 49 rides matching criteria.
2026-02-06 03:50:29 - GET request from user 3 (type: rider)
Params: lat=23.81, lng=90.43
Found 49 rides matching criteria.
2026-02-06 03:50:35 - GET request from user 3 (type: rider)
Params: lat=23.81, lng=90.43
Found 49 rides matching criteria.
2026-02-06 03:50:40 - GET request from user 3 (type: rider)
Params: lat=23.81, lng=90.43
Found 49 rides matching criteria.
2026-02-06 03:50:45 - GET request from user 3 (type: rider)
Params: lat=23.81, lng=90.43
Found 49 rides matching criteria.
2026-02-06 03:50:50 - GET request from user 3 (type: rider)
Params: lat=23.81, lng=90.43
Found 49 rides matching criteria.
2026-02-06 03:50:54 - GET request from user 3 (type: rider)
Params: lat=23.81, lng=90.43
Found 49 rides matching criteria.
2026-02-06 03:51:00 - GET request from user 3 (type: rider)
Params: lat=23.81, lng=90.43
Found 49 rides matching criteria.
2026-02-06 03:51:04 - GET request from user 3 (type: rider)
Params: lat=23.81, lng=90.43
Found 49 rides matching criteria.
2026-02-06 03:51:09 - GET request from user 3 (type: rider)
Params: lat=23.81, lng=90.43
Found 49 rides matching criteria.
2026-02-06 03:51:14 - GET request from user 3 (type: rider)
Params: lat=23.81, lng=90.43
Found 49 rides matching criteria.
2026-02-06 03:51:19 - GET request from user 3 (type: rider)
Params: lat=23.81, lng=90.43
Found 49 rides matching criteria.
2026-02-06 03:51:25 - GET request from user 3 (type: rider)
Params: lat=23.81, lng=90.43
Found 49 rides matching criteria.
2026-02-06 03:51:30 - GET request from user 3 (type: rider)
Params: lat=23.81, lng=90.43
Found 49 rides matching criteria.
2026-02-06 03:51:35 - GET request from user 3 (type: rider)
Params: lat=23.81, lng=90.43
Found 49 rides matching criteria.
2026-02-06 03:51:39 - GET request from user 3 (type: rider)
Params: lat=23.81, lng=90.43
Found 49 rides matching criteria.
2026-02-06 03:51:44 - GET request from user 3 (type: rider)
Params: lat=23.81, lng=90.43
Found 49 rides matching criteria.
2026-02-06 03:51:49 - GET request from user 3 (type: rider)
Params: lat=23.81, lng=90.43
Found 49 rides matching criteria.
2026-02-06 03:51:55 - GET request from user 3 (type: rider)
Params: lat=23.81, lng=90.43
Found 49 rides matching criteria.
2026-02-06 03:51:59 - GET request from user 3 (type: rider)
Params: lat=23.81, lng=90.43
Found 49 rides matching criteria.
2026-02-06 03:52:04 - GET request from user 3 (type: rider)
Params: lat=23.81, lng=90.43
Found 49 rides matching criteria.
2026-02-06 03:52:09 - GET request from user 3 (type: rider)
Params: lat=23.81, lng=90.43
Found 49 rides matching criteria.
2026-02-06 03:52:14 - GET request from user 3 (type: rider)
Params: lat=23.81, lng=90.43
Found 49 rides matching criteria.
2026-02-06 03:52:14 - GET request from user 3 (type: rider)
Params: lat=23.81, lng=90.43
Found 49 rides matching criteria.
2026-02-06 03:52:20 - GET request from user 3 (type: rider)
Params: lat=23.81, lng=90.43
Found 49 rides matching criteria.
2026-02-06 03:52:24 - GET request from user 3 (type: rider)
Params: lat=23.81, lng=90.43
Found 49 rides matching criteria.
2026-02-06 03:52:29 - GET request from user 15 (type: customer)
2026-02-06 03:52:29 - GET request from user 3 (type: rider)
Params: lat=23.81, lng=90.43
Found 49 rides matching criteria.
2026-02-06 03:52:29 - GET request from user 15 (type: customer)
2026-02-06 03:52:32 - GET request from user 15 (type: customer)
2026-02-06 03:52:32 - GET request from user 15 (type: customer)
2026-02-06 03:52:34 - GET request from user 3 (type: rider)
Params: lat=23.81, lng=90.43
Found 49 rides matching criteria.
2026-02-06 03:52:39 - GET request from user 3 (type: rider)
Params: lat=23.81, lng=90.43
Found 49 rides matching criteria.
2026-02-06 03:52:44 - GET request from user 3 (type: rider)
Params: lat=23.81, lng=90.43
Found 49 rides matching criteria.
2026-02-06 03:52:49 - GET request from user 3 (type: rider)
Params: lat=23.81, lng=90.43
Found 49 rides matching criteria.
2026-02-06 03:52:55 - GET request from user 3 (type: rider)
Params: lat=23.81, lng=90.43
Found 49 rides matching criteria.
2026-02-06 03:53:00 - GET request from user 3 (type: rider)
Params: lat=23.81, lng=90.43
Found 49 rides matching criteria.
2026-02-06 03:53:04 - GET request from user 3 (type: rider)
Params: lat=23.81, lng=90.43
Found 49 rides matching criteria.
2026-02-06 03:53:09 - GET request from user 3 (type: rider)
Params: lat=23.81, lng=90.43
Found 49 rides matching criteria.
2026-02-06 03:53:15 - GET request from user 3 (type: rider)
Params: lat=23.81, lng=90.43
Found 49 rides matching criteria.
2026-02-06 03:53:19 - GET request from user 3 (type: rider)
Params: lat=23.81, lng=90.43
Found 49 rides matching criteria.
2026-02-06 03:53:24 - GET request from user 3 (type: rider)
Params: lat=23.81, lng=90.43
Found 49 rides matching criteria.
2026-02-06 03:53:29 - GET request from user 3 (type: rider)
Params: lat=23.81, lng=90.43
Found 49 rides matching criteria.
2026-02-06 03:53:34 - GET request from user 3 (type: rider)
Params: lat=23.81, lng=90.43
Found 49 rides matching criteria.
2026-02-06 03:53:39 - GET request from user 3 (type: rider)
Params: lat=23.81, lng=90.43
Found 49 rides matching criteria.
2026-02-06 03:53:45 - GET request from user 3 (type: rider)
Params: lat=23.81, lng=90.43
Found 49 rides matching criteria.
2026-02-06 03:53:49 - GET request from user 3 (type: rider)
Params: lat=23.81, lng=90.43
Found 49 rides matching criteria.
2026-02-06 03:53:54 - GET request from user 3 (type: rider)
Params: lat=23.81, lng=90.43
Found 49 rides matching criteria.
2026-02-06 03:53:59 - GET request from user 3 (type: rider)
Params: lat=23.81, lng=90.43
Found 49 rides matching criteria.
2026-02-06 03:54:04 - GET request from user 3 (type: rider)
Params: lat=23.81, lng=90.43
Found 49 rides matching criteria.
2026-02-06 03:54:10 - GET request from user 3 (type: rider)
Params: lat=23.81, lng=90.43
Found 49 rides matching criteria.
2026-02-06 03:54:14 - GET request from user 3 (type: rider)
Params: lat=23.81, lng=90.43
Found 49 rides matching criteria.
2026-02-06 03:54:20 - GET request from user 3 (type: rider)
Params: lat=23.81, lng=90.43
Found 49 rides matching criteria.
2026-02-06 03:54:25 - GET request from user 3 (type: rider)
Params: lat=23.81, lng=90.43
Found 49 rides matching criteria.
2026-02-06 03:54:29 - GET request from user 3 (type: rider)
Params: lat=23.81, lng=90.43
Found 49 rides matching criteria.
2026-02-06 03:54:34 - GET request from user 3 (type: rider)
Params: lat=23.81, lng=90.43
Found 49 rides matching criteria.
2026-02-06 03:54:39 - GET request from user 3 (type: rider)
Params: lat=23.81, lng=90.43
Found 49 rides matching criteria.
2026-02-06 03:54:45 - GET request from user 3 (type: rider)
Params: lat=23.81, lng=90.43
Found 49 rides matching criteria.
2026-02-06 03:54:50 - GET request from user 3 (type: rider)
Params: lat=23.81, lng=90.43
Found 49 rides matching criteria.
2026-02-06 03:54:54 - GET request from user 3 (type: rider)
Params: lat=23.81, lng=90.43
Found 49 rides matching criteria.
2026-02-06 03:54:59 - GET request from user 3 (type: rider)
Params: lat=23.81, lng=90.43
Found 49 rides matching criteria.
2026-02-06 03:55:04 - GET request from user 3 (type: rider)
Params: lat=23.81, lng=90.43
Found 49 rides matching criteria.
2026-02-06 03:55:09 - GET request from user 3 (type: rider)
Params: lat=23.81, lng=90.43
Found 49 rides matching criteria.
2026-02-06 03:55:15 - GET request from user 3 (type: rider)
Params: lat=23.81, lng=90.43
Found 49 rides matching criteria.
2026-02-06 03:55:20 - GET request from user 3 (type: rider)
Params: lat=23.81, lng=90.43
Found 49 rides matching criteria.
2026-02-06 03:55:24 - GET request from user 3 (type: rider)
Params: lat=23.81, lng=90.43
Found 49 rides matching criteria.
2026-02-06 03:55:29 - GET request from user 3 (type: rider)
Params: lat=23.81, lng=90.43
Found 49 rides matching criteria.
2026-02-06 03:55:34 - GET request from user 3 (type: rider)
Params: lat=23.81, lng=90.43
Found 49 rides matching criteria.
2026-02-06 03:55:38 - GET request from user 15 (type: customer)
2026-02-06 03:55:39 - GET request from user 3 (type: rider)
Params: lat=23.81, lng=90.43
Found 49 rides matching criteria.
2026-02-06 03:55:40 - GET request from user 15 (type: customer)
2026-02-06 03:55:41 - GET request from user 15 (type: customer)
2026-02-06 03:55:42 - GET request from user 15 (type: customer)
2026-02-06 03:55:43 - GET request from user 15 (type: customer)
2026-02-06 03:55:44 - GET request from user 15 (type: customer)
2026-02-06 03:55:44 - GET request from user 3 (type: rider)
Params: lat=23.81, lng=90.43
Found 49 rides matching criteria.
2026-02-06 03:55:45 - GET request from user 15 (type: customer)
2026-02-06 03:55:46 - GET request from user 15 (type: customer)
2026-02-06 03:55:47 - GET request from user 15 (type: customer)
2026-02-06 03:55:48 - GET request from user 15 (type: customer)
2026-02-06 03:55:49 - GET request from user 15 (type: customer)
2026-02-06 03:55:49 - GET request from user 3 (type: rider)
Params: lat=23.81, lng=90.43
Found 49 rides matching criteria.
2026-02-06 03:55:50 - GET request from user 15 (type: customer)
2026-02-06 03:55:51 - GET request from user 15 (type: customer)
Ride created successfully for user 15 (ID: 63)
2026-02-06 03:55:52 - GET request from user 15 (type: customer)
2026-02-06 03:55:53 - GET request from user 15 (type: customer)
2026-02-06 03:55:54 - GET request from user 15 (type: customer)
2026-02-06 03:55:54 - GET request from user 15 (type: customer)
2026-02-06 03:55:55 - GET request from user 3 (type: rider)
Params: lat=23.81, lng=90.43
Found 50 rides matching criteria.
2026-02-06 03:55:59 - GET request from user 3 (type: rider)
Params: lat=23.81, lng=90.43
Found 50 rides matching criteria.
2026-02-06 03:56:00 - GET request from user 3 (type: rider)
Params: lat=23.81, lng=90.43
Found 50 rides matching criteria.
2026-02-06 03:56:00 - GET request from user 3 (type: rider)
Params: lat=23.81, lng=90.43
Found 50 rides matching criteria.
2026-02-06 03:56:05 - GET request from user 3 (type: rider)
Params: lat=23.81, lng=90.43
Found 50 rides matching criteria.
2026-02-06 03:56:10 - GET request from user 3 (type: rider)
Params: lat=23.81, lng=90.43
Found 50 rides matching criteria.
2026-02-06 03:56:13 - GET request from user 15 (type: customer)
2026-02-06 03:56:13 - GET request from user 15 (type: customer)
2026-02-06 03:56:15 - GET request from user 3 (type: rider)
Params: lat=23.81, lng=90.43
Found 50 rides matching criteria.
2026-02-06 03:56:18 - GET request from user 3 (type: rider)
Params: lat=23.81, lng=90.43
Found 50 rides matching criteria.
2026-02-06 03:56:20 - GET request from user 3 (type: rider)
Params: lat=23.81, lng=90.43
Found 50 rides matching criteria.
2026-02-06 03:56:25 - GET request from user 3 (type: rider)
Params: lat=23.81, lng=90.43
Found 50 rides matching criteria.
2026-02-06 03:56:30 - GET request from user 3 (type: rider)
Params: lat=23.81, lng=90.43
Found 50 rides matching criteria.
2026-02-06 03:56:35 - GET request from user 3 (type: rider)
Params: lat=23.81, lng=90.43
Found 50 rides matching criteria.
2026-02-06 03:56:40 - GET request from user 3 (type: rider)
Params: lat=23.81, lng=90.43
Found 50 rides matching criteria.
2026-02-06 03:56:45 - GET request from user 3 (type: rider)
Params: lat=23.81, lng=90.43
Found 50 rides matching criteria.
2026-02-06 03:56:50 - GET request from user 3 (type: rider)
Params: lat=23.81, lng=90.43
Found 50 rides matching criteria.
2026-02-06 03:56:55 - GET request from user 3 (type: rider)
Params: lat=23.81, lng=90.43
Found 50 rides matching criteria.
2026-02-06 03:57:00 - GET request from user 3 (type: rider)
Params: lat=23.81, lng=90.43
Found 50 rides matching criteria.
2026-02-06 03:57:05 - GET request from user 3 (type: rider)
Params: lat=23.81, lng=90.43
Found 50 rides matching criteria.
2026-02-06 03:57:10 - GET request from user 3 (type: rider)
Params: lat=23.81, lng=90.43
Found 50 rides matching criteria.
2026-02-06 03:57:15 - GET request from user 3 (type: rider)
Params: lat=23.81, lng=90.43
Found 50 rides matching criteria.
2026-02-06 03:57:18 - GET request from user 3 (type: rider)
Params: lat=23.81, lng=90.43
Found 50 rides matching criteria.
2026-02-06 03:57:20 - GET request from user 3 (type: rider)
Params: lat=23.81, lng=90.43
Found 50 rides matching criteria.
2026-02-06 03:57:20 - GET request from user 3 (type: rider)
Params: lat=23.81, lng=90.43
Found 50 rides matching criteria.
2026-02-06 03:57:25 - GET request from user 3 (type: rider)
Params: lat=23.81, lng=90.43
Found 50 rides matching criteria.
2026-02-06 03:57:28 - GET request from user 15 (type: customer)
2026-02-06 03:57:29 - GET request from user 15 (type: customer)
2026-02-06 03:57:30 - GET request from user 3 (type: rider)
Params: lat=23.81, lng=90.43
Found 50 rides matching criteria.
2026-02-06 03:57:35 - GET request from user 3 (type: rider)
Params: lat=23.81, lng=90.43
Found 50 rides matching criteria.
2026-02-06 03:57:35 - GET request from user 15 (type: customer)
2026-02-06 03:57:35 - GET request from user 15 (type: customer)
2026-02-06 03:57:40 - GET request from user 3 (type: rider)
Params: lat=23.81, lng=90.43
Found 50 rides matching criteria.
2026-02-06 03:57:45 - GET request from user 3 (type: rider)
Params: lat=23.81, lng=90.43
Found 50 rides matching criteria.
2026-02-06 03:57:50 - GET request from user 3 (type: rider)
Params: lat=23.81, lng=90.43
Found 50 rides matching criteria.
2026-02-06 03:57:55 - GET request from user 3 (type: rider)
Params: lat=23.81, lng=90.43
Found 50 rides matching criteria.
2026-02-06 03:58:00 - GET request from user 3 (type: rider)
Params: lat=23.81, lng=90.43
Found 50 rides matching criteria.
2026-02-06 03:58:05 - GET request from user 3 (type: rider)
Params: lat=23.81, lng=90.43
Found 50 rides matching criteria.
2026-02-06 03:58:10 - GET request from user 3 (type: rider)
Params: lat=23.81, lng=90.43
Found 50 rides matching criteria.
2026-02-06 03:58:15 - GET request from user 3 (type: rider)
Params: lat=23.81, lng=90.43
Found 50 rides matching criteria.
2026-02-06 03:58:20 - GET request from user 3 (type: rider)
Params: lat=23.81, lng=90.43
Found 50 rides matching criteria.
2026-02-06 03:58:25 - GET request from user 3 (type: rider)
Params: lat=23.81, lng=90.43
Found 50 rides matching criteria.
2026-02-06 03:58:30 - GET request from user 3 (type: rider)
Params: lat=23.81, lng=90.43
Found 50 rides matching criteria.
2026-02-06 03:58:35 - GET request from user 3 (type: rider)
Params: lat=23.81, lng=90.43
Found 50 rides matching criteria.
2026-02-06 03:58:40 - GET request from user 3 (type: rider)
Params: lat=23.81, lng=90.43
Found 50 rides matching criteria.
2026-02-06 03:58:45 - GET request from user 3 (type: rider)
Params: lat=23.81, lng=90.43
Found 50 rides matching criteria.
2026-02-06 03:58:50 - GET request from user 3 (type: rider)
Params: lat=23.81, lng=90.43
Found 50 rides matching criteria.
2026-02-06 03:58:55 - GET request from user 3 (type: rider)
Params: lat=23.81, lng=90.43
Found 50 rides matching criteria.
2026-02-06 03:59:00 - GET request from user 3 (type: rider)
Params: lat=23.81, lng=90.43
Found 50 rides matching criteria.
2026-02-06 03:59:05 - GET request from user 3 (type: rider)
Params: lat=23.81, lng=90.43
Found 50 rides matching criteria.
2026-02-06 03:59:10 - GET request from user 3 (type: rider)
Params: lat=23.81, lng=90.43
Found 50 rides matching criteria.
2026-02-06 03:59:15 - GET request from user 3 (type: rider)
Params: lat=23.81, lng=90.43
Found 50 rides matching criteria.
2026-02-06 03:59:20 - GET request from user 3 (type: rider)
Params: lat=23.81, lng=90.43
Found 50 rides matching criteria.
2026-02-06 03:59:25 - GET request from user 3 (type: rider)
Params: lat=23.81, lng=90.43
Found 50 rides matching criteria.
2026-02-06 03:59:30 - GET request from user 3 (type: rider)
Params: lat=23.81, lng=90.43
Found 50 rides matching criteria.
2026-02-06 03:59:35 - GET request from user 3 (type: rider)
Params: lat=23.81, lng=90.43
Found 50 rides matching criteria.
2026-02-06 03:59:40 - GET request from user 3 (type: rider)
Params: lat=23.81, lng=90.43
Found 50 rides matching criteria.
2026-02-06 03:59:45 - GET request from user 3 (type: rider)
Params: lat=23.81, lng=90.43
Found 50 rides matching criteria.
2026-02-06 03:59:50 - GET request from user 3 (type: rider)
Params: lat=23.81, lng=90.43
Found 50 rides matching criteria.
2026-02-06 03:59:55 - GET request from user 3 (type: rider)
Params: lat=23.81, lng=90.43
Found 50 rides matching criteria.
2026-02-06 04:00:00 - GET request from user 3 (type: rider)
Params: lat=23.81, lng=90.43
Found 50 rides matching criteria.
2026-02-06 04:00:05 - GET request from user 3 (type: rider)
Params: lat=23.81, lng=90.43
Found 50 rides matching criteria.
2026-02-06 04:00:10 - GET request from user 3 (type: rider)
Params: lat=23.81, lng=90.43
Found 50 rides matching criteria.
2026-02-06 04:00:15 - GET request from user 3 (type: rider)
Params: lat=23.81, lng=90.43
Found 50 rides matching criteria.
2026-02-06 04:00:16 - GET request from user 15 (type: customer)
2026-02-06 04:00:16 - GET request from user 15 (type: customer)
2026-02-06 04:00:20 - GET request from user 3 (type: rider)
Params: lat=23.81, lng=90.43
Found 50 rides matching criteria.
2026-02-06 04:00:25 - GET request from user 3 (type: rider)
Params: lat=23.81, lng=90.43
Found 50 rides matching criteria.
2026-02-06 04:00:30 - GET request from user 3 (type: rider)
Params: lat=23.81, lng=90.43
Found 50 rides matching criteria.
Ride created successfully for user 15 (ID: 64)
2026-02-06 04:00:33 - GET request from user 15 (type: customer)
2026-02-06 04:00:33 - GET request from user 15 (type: customer)
2026-02-06 04:00:35 - GET request from user 3 (type: rider)
Params: lat=23.81, lng=90.43
Found 51 rides matching criteria.
2026-02-06 04:00:39 - GET request from user 3 (type: rider)
Params: lat=23.81, lng=90.43
Found 51 rides matching criteria.
2026-02-06 04:00:39 - GET request from user 3 (type: rider)
Params: lat=23.81, lng=90.43
Found 51 rides matching criteria.
2026-02-06 04:00:44 - GET request from user 3 (type: rider)
Params: lat=23.81, lng=90.43
Found 51 rides matching criteria.
2026-02-06 04:00:49 - GET request from user 3 (type: rider)
Params: lat=23.81, lng=90.43
Found 51 rides matching criteria.
2026-02-06 04:00:49 - GET request from user 3 (type: rider)
Params: lat=23.81, lng=90.43
Found 51 rides matching criteria.
2026-02-06 04:00:54 - GET request from user 3 (type: rider)
Params: lat=23.81, lng=90.43
Found 51 rides matching criteria.
2026-02-06 04:00:59 - GET request from user 3 (type: rider)
Params: lat=23.81, lng=90.43
Found 51 rides matching criteria.
2026-02-06 04:01:01 - GET request from user 15 (type: customer)
2026-02-06 04:01:02 - GET request from user 15 (type: customer)
2026-02-06 04:01:04 - GET request from user 3 (type: rider)
Params: lat=23.81, lng=90.43
Found 51 rides matching criteria.
2026-02-06 04:01:07 - GET request from user 15 (type: customer)
2026-02-06 04:01:09 - GET request from user 3 (type: rider)
Params: lat=23.81, lng=90.43
Found 51 rides matching criteria.
2026-02-06 04:01:13 - GET request from user 3 (type: rider)
Params: lat=23.81, lng=90.43
Found 51 rides matching criteria.
2026-02-06 04:01:14 - GET request from user 3 (type: rider)
Params: lat=23.81, lng=90.43
Found 51 rides matching criteria.
2026-02-06 04:01:19 - GET request from user 3 (type: rider)
Params: lat=23.81, lng=90.43
Found 51 rides matching criteria.
2026-02-06 04:01:19 - GET request from user 15 (type: customer)
2026-02-06 04:01:19 - GET request from user 15 (type: customer)
2026-02-06 04:01:20 - GET request from user 15 (type: customer)
2026-02-06 04:01:21 - GET request from user 15 (type: customer)
2026-02-06 04:01:24 - GET request from user 3 (type: rider)
Params: lat=23.81, lng=90.43
Found 51 rides matching criteria.
2026-02-06 04:01:25 - GET request from user 15 (type: customer)
2026-02-06 04:01:25 - GET request from user 15 (type: customer)
2026-02-06 04:01:29 - GET request from user 3 (type: rider)
Params: lat=23.81, lng=90.43
Found 51 rides matching criteria.
2026-02-06 04:01:29 - GET request from user 3 (type: rider)
Params: lat=23.81, lng=90.43
Found 51 rides matching criteria.
2026-02-06 04:01:30 - GET request from user 3 (type: rider)
Params: lat=23.81, lng=90.43
Found 51 rides matching criteria.
2026-02-06 04:01:34 - GET request from user 3 (type: rider)
Params: lat=23.81, lng=90.43
Found 51 rides matching criteria.
2026-02-06 04:01:39 - GET request from user 3 (type: rider)
Params: lat=23.81, lng=90.43
Found 51 rides matching criteria.
2026-02-06 04:01:44 - GET request from user 3 (type: rider)
Params: lat=23.81, lng=90.43
Found 51 rides matching criteria.
2026-02-06 04:01:49 - GET request from user 3 (type: rider)
Params: lat=23.81, lng=90.43
Found 51 rides matching criteria.
2026-02-06 04:01:54 - GET request from user 3 (type: rider)
Params: lat=23.81, lng=90.43
Found 51 rides matching criteria.
2026-02-06 04:01:59 - GET request from user 3 (type: rider)
Params: lat=23.81, lng=90.43
Found 51 rides matching criteria.
2026-02-06 04:02:04 - GET request from user 3 (type: rider)
Params: lat=23.81, lng=90.43
Found 51 rides matching criteria.
2026-02-06 04:02:09 - GET request from user 3 (type: rider)
Params: lat=23.81, lng=90.43
Found 51 rides matching criteria.
2026-02-06 04:02:14 - GET request from user 3 (type: rider)
Params: lat=23.81, lng=90.43
Found 51 rides matching criteria.
2026-02-06 04:02:19 - GET request from user 3 (type: rider)
Params: lat=23.81, lng=90.43
Found 51 rides matching criteria.
2026-02-06 04:02:24 - GET request from user 3 (type: rider)
Params: lat=23.81, lng=90.43
Found 51 rides matching criteria.
2026-02-06 04:02:29 - GET request from user 3 (type: rider)
Params: lat=23.81, lng=90.43
Found 51 rides matching criteria.
2026-02-06 04:02:34 - GET request from user 3 (type: rider)
Params: lat=23.81, lng=90.43
Found 51 rides matching criteria.
2026-02-06 04:02:39 - GET request from user 3 (type: rider)
Params: lat=23.81, lng=90.43
Found 51 rides matching criteria.
2026-02-06 04:02:44 - GET request from user 3 (type: rider)
Params: lat=23.81, lng=90.43
Found 51 rides matching criteria.
2026-02-06 04:02:49 - GET request from user 3 (type: rider)
Params: lat=23.81, lng=90.43
Found 51 rides matching criteria.
2026-02-06 04:02:54 - GET request from user 3 (type: rider)
Params: lat=23.81, lng=90.43
Found 51 rides matching criteria.
2026-02-06 04:02:59 - GET request from user 3 (type: rider)
Params: lat=23.81, lng=90.43
Found 51 rides matching criteria.
2026-02-06 04:03:04 - GET request from user 3 (type: rider)
Params: lat=23.81, lng=90.43
Found 51 rides matching criteria.
2026-02-06 04:03:09 - GET request from user 3 (type: rider)
Params: lat=23.81, lng=90.43
Found 51 rides matching criteria.
2026-02-06 04:03:14 - GET request from user 3 (type: rider)
Params: lat=23.81, lng=90.43
Found 51 rides matching criteria.
2026-02-06 04:03:19 - GET request from user 3 (type: rider)
Params: lat=23.81, lng=90.43
Found 51 rides matching criteria.
2026-02-06 04:03:24 - GET request from user 3 (type: rider)
Params: lat=23.81, lng=90.43
Found 51 rides matching criteria.
2026-02-06 04:03:29 - GET request from user 3 (type: rider)
Params: lat=23.81, lng=90.43
Found 51 rides matching criteria.
2026-02-06 04:03:34 - GET request from user 3 (type: rider)
Params: lat=23.81, lng=90.43
Found 51 rides matching criteria.
2026-02-06 04:03:39 - GET request from user 3 (type: rider)
Params: lat=23.81, lng=90.43
Found 51 rides matching criteria.
2026-02-06 04:03:44 - GET request from user 3 (type: rider)
Params: lat=23.81, lng=90.43
Found 51 rides matching criteria.
2026-02-06 04:03:49 - GET request from user 3 (type: rider)
Params: lat=23.81, lng=90.43
Found 51 rides matching criteria.
2026-02-06 04:03:53 - GET request from user 15 (type: customer)
2026-02-06 04:03:53 - GET request from user 15 (type: customer)
2026-02-06 04:03:54 - GET request from user 3 (type: rider)
Params: lat=23.81, lng=90.43
Found 51 rides matching criteria.
2026-02-06 04:03:59 - GET request from user 3 (type: rider)
Params: lat=23.81, lng=90.43
Found 51 rides matching criteria.
2026-02-06 04:04:04 - GET request from user 3 (type: rider)
Params: lat=23.81, lng=90.43
Found 51 rides matching criteria.
Ride created successfully for user 15 (ID: 65)
2026-02-06 04:04:07 - GET request from user 15 (type: customer)
2026-02-06 04:04:07 - GET request from user 15 (type: customer)
2026-02-06 04:04:09 - GET request from user 3 (type: rider)
Params: lat=23.81, lng=90.43
Found 52 rides matching criteria.
2026-02-06 04:04:12 - GET request from user 3 (type: rider)
Params: lat=23.81, lng=90.43
Found 52 rides matching criteria.
2026-02-06 04:04:13 - GET request from user 3 (type: rider)
Params: lat=23.81, lng=90.43
Found 52 rides matching criteria.
2026-02-06 04:04:17 - GET request from user 3 (type: rider)
Params: lat=23.81, lng=90.43
Found 52 rides matching criteria.
2026-02-06 04:04:19 - GET request from user 3 (type: rider)
Params: lat=23.81, lng=90.43
Found 52 rides matching criteria.
2026-02-06 04:04:21 - GET request from user 3 (type: rider)
Params: lat=23.81, lng=90.43
Found 52 rides matching criteria.
2026-02-06 04:04:22 - GET request from user 3 (type: rider)
Params: lat=23.81, lng=90.43
Found 52 rides matching criteria.
2026-02-06 04:04:23 - GET request from user 3 (type: rider)
Params: lat=23.81, lng=90.43
Found 52 rides matching criteria.
2026-02-06 04:04:27 - GET request from user 3 (type: rider)
Params: lat=23.81, lng=90.43
Found 52 rides matching criteria.
2026-02-06 04:04:32 - GET request from user 3 (type: rider)
Params: lat=23.81, lng=90.43
Found 52 rides matching criteria.
2026-02-06 04:04:37 - GET request from user 3 (type: rider)
Params: lat=23.81, lng=90.43
Found 52 rides matching criteria.
2026-02-06 04:04:42 - GET request from user 3 (type: rider)
Params: lat=23.81, lng=90.43
Found 52 rides matching criteria.
2026-02-06 04:04:43 - GET request from user 15 (type: customer)
2026-02-06 04:04:44 - GET request from user 15 (type: customer)
2026-02-06 04:04:47 - GET request from user 3 (type: rider)
Params: lat=23.81, lng=90.43
Found 52 rides matching criteria.
2026-02-06 04:04:52 - GET request from user 3 (type: rider)
Params: lat=23.81, lng=90.43
Found 52 rides matching criteria.
2026-02-06 04:04:57 - GET request from user 3 (type: rider)
Params: lat=23.81, lng=90.43
Found 52 rides matching criteria.
2026-02-06 04:05:02 - GET request from user 3 (type: rider)
Params: lat=23.81, lng=90.43
Found 52 rides matching criteria.
2026-02-06 04:05:07 - GET request from user 3 (type: rider)
Params: lat=23.81, lng=90.43
Found 52 rides matching criteria.
2026-02-06 04:05:12 - GET request from user 3 (type: rider)
Params: lat=23.81, lng=90.43
Found 52 rides matching criteria.
2026-02-06 04:05:17 - GET request from user 3 (type: rider)
Params: lat=23.81, lng=90.43
Found 52 rides matching criteria.
2026-02-06 04:05:22 - GET request from user 3 (type: rider)
Params: lat=23.81, lng=90.43
Found 52 rides matching criteria.
2026-02-06 04:05:27 - GET request from user 3 (type: rider)
Params: lat=23.81, lng=90.43
Found 52 rides matching criteria.
2026-02-06 04:05:32 - GET request from user 3 (type: rider)
Params: lat=23.81, lng=90.43
Found 52 rides matching criteria.
2026-02-06 04:05:37 - GET request from user 3 (type: rider)
Params: lat=23.81, lng=90.43
Found 52 rides matching criteria.
2026-02-06 04:05:42 - GET request from user 3 (type: rider)
Params: lat=23.81, lng=90.43
Found 52 rides matching criteria.
2026-02-06 04:05:47 - GET request from user 3 (type: rider)
Params: lat=23.81, lng=90.43
Found 52 rides matching criteria.
2026-02-06 04:05:52 - GET request from user 3 (type: rider)
Params: lat=23.81, lng=90.43
Found 52 rides matching criteria.
2026-02-06 04:05:57 - GET request from user 3 (type: rider)
Params: lat=23.81, lng=90.43
Found 52 rides matching criteria.
2026-02-06 04:06:02 - GET request from user 3 (type: rider)
Params: lat=23.81, lng=90.43
Found 52 rides matching criteria.
2026-02-06 04:06:07 - GET request from user 3 (type: rider)
Params: lat=23.81, lng=90.43
Found 52 rides matching criteria.
2026-02-06 04:06:12 - GET request from user 3 (type: rider)
Params: lat=23.81, lng=90.43
Found 52 rides matching criteria.
2026-02-06 04:06:17 - GET request from user 3 (type: rider)
Params: lat=23.81, lng=90.43
Found 52 rides matching criteria.
2026-02-06 04:06:22 - GET request from user 3 (type: rider)
Params: lat=23.81, lng=90.43
Found 52 rides matching criteria.
2026-02-06 04:06:27 - GET request from user 3 (type: rider)
Params: lat=23.81, lng=90.43
Found 52 rides matching criteria.
2026-02-06 04:06:32 - GET request from user 3 (type: rider)
Params: lat=23.81, lng=90.43
Found 52 rides matching criteria.
2026-02-06 04:06:37 - GET request from user 3 (type: rider)
Params: lat=23.81, lng=90.43
Found 52 rides matching criteria.
2026-02-06 04:06:42 - GET request from user 3 (type: rider)
Params: lat=23.81, lng=90.43
Found 52 rides matching criteria.
2026-02-06 04:06:47 - GET request from user 3 (type: rider)
Params: lat=23.81, lng=90.43
Found 52 rides matching criteria.
2026-02-06 04:06:52 - GET request from user 3 (type: rider)
Params: lat=23.81, lng=90.43
Found 52 rides matching criteria.
2026-02-06 04:06:57 - GET request from user 3 (type: rider)
Params: lat=23.81, lng=90.43
Found 52 rides matching criteria.
2026-02-06 04:07:02 - GET request from user 3 (type: rider)
Params: lat=23.81, lng=90.43
Found 52 rides matching criteria.
2026-02-06 04:07:07 - GET request from user 3 (type: rider)
Params: lat=23.81, lng=90.43
Found 52 rides matching criteria.
2026-02-06 04:07:12 - GET request from user 3 (type: rider)
Params: lat=23.81, lng=90.43
Found 52 rides matching criteria.
2026-02-06 04:07:17 - GET request from user 3 (type: rider)
Params: lat=23.81, lng=90.43
Found 52 rides matching criteria.
2026-02-06 04:07:22 - GET request from user 3 (type: rider)
Params: lat=23.81, lng=90.43
Found 52 rides matching criteria.
2026-02-06 04:07:27 - GET request from user 3 (type: rider)
Params: lat=23.81, lng=90.43
Found 52 rides matching criteria.
2026-02-06 04:07:32 - GET request from user 3 (type: rider)
Params: lat=23.81, lng=90.43
Found 52 rides matching criteria.
2026-02-06 04:07:37 - GET request from user 3 (type: rider)
Params: lat=23.81, lng=90.43
Found 52 rides matching criteria.
2026-02-06 04:07:42 - GET request from user 3 (type: rider)
Params: lat=23.81, lng=90.43
Found 52 rides matching criteria.
2026-02-06 04:07:47 - GET request from user 3 (type: rider)
Params: lat=23.81, lng=90.43
Found 52 rides matching criteria.
2026-02-06 04:07:52 - GET request from user 3 (type: rider)
Params: lat=23.81, lng=90.43
Found 52 rides matching criteria.
2026-02-06 04:07:57 - GET request from user 3 (type: rider)
Params: lat=23.81, lng=90.43
Found 52 rides matching criteria.
2026-02-06 04:08:02 - GET request from user 3 (type: rider)
Params: lat=23.81, lng=90.43
Found 52 rides matching criteria.
2026-02-06 04:08:07 - GET request from user 3 (type: rider)
Params: lat=23.81, lng=90.43
Found 52 rides matching criteria.
2026-02-06 04:08:12 - GET request from user 3 (type: rider)
Params: lat=23.81, lng=90.43
Found 52 rides matching criteria.
2026-02-06 04:08:17 - GET request from user 3 (type: rider)
Params: lat=23.81, lng=90.43
Found 52 rides matching criteria.
2026-02-06 04:08:22 - GET request from user 3 (type: rider)
Params: lat=23.81, lng=90.43
Found 52 rides matching criteria.
2026-02-06 04:08:27 - GET request from user 3 (type: rider)
Params: lat=23.81, lng=90.43
Found 52 rides matching criteria.
2026-02-06 04:08:32 - GET request from user 3 (type: rider)
Params: lat=23.81, lng=90.43
Found 52 rides matching criteria.
2026-02-06 04:08:37 - GET request from user 3 (type: rider)
Params: lat=23.81, lng=90.43
Found 52 rides matching criteria.
2026-02-06 04:08:42 - GET request from user 3 (type: rider)
Params: lat=23.81, lng=90.43
Found 52 rides matching criteria.
2026-02-06 04:08:47 - GET request from user 3 (type: rider)
Params: lat=23.81, lng=90.43
Found 52 rides matching criteria.
2026-02-06 04:08:52 - GET request from user 3 (type: rider)
Params: lat=23.81, lng=90.43
Found 52 rides matching criteria.
2026-02-06 04:08:57 - GET request from user 3 (type: rider)
Params: lat=23.81, lng=90.43
Found 52 rides matching criteria.
2026-02-06 04:09:02 - GET request from user 3 (type: rider)
Params: lat=23.81, lng=90.43
Found 52 rides matching criteria.
2026-02-06 04:09:07 - GET request from user 3 (type: rider)
Params: lat=23.81, lng=90.43
Found 52 rides matching criteria.
2026-02-06 04:09:12 - GET request from user 3 (type: rider)
Params: lat=23.81, lng=90.43
Found 52 rides matching criteria.
2026-02-06 04:09:17 - GET request from user 3 (type: rider)
Params: lat=23.81, lng=90.43
Found 52 rides matching criteria.
2026-02-06 04:09:22 - GET request from user 3 (type: rider)
Params: lat=23.81, lng=90.43
Found 52 rides matching criteria.
2026-02-06 04:09:27 - GET request from user 3 (type: rider)
Params: lat=23.81, lng=90.43
Found 52 rides matching criteria.
2026-02-06 04:09:32 - GET request from user 3 (type: rider)
Params: lat=23.81, lng=90.43
Found 52 rides matching criteria.
2026-02-06 04:09:37 - GET request from user 3 (type: rider)
Params: lat=23.81, lng=90.43
Found 52 rides matching criteria.
2026-02-06 04:09:42 - GET request from user 3 (type: rider)
Params: lat=23.81, lng=90.43
Found 52 rides matching criteria.
2026-02-06 04:09:47 - GET request from user 3 (type: rider)
Params: lat=23.81, lng=90.43
Found 52 rides matching criteria.
2026-02-06 04:09:52 - GET request from user 3 (type: rider)
Params: lat=23.81, lng=90.43
Found 52 rides matching criteria.
2026-02-06 04:09:57 - GET request from user 3 (type: rider)
Params: lat=23.81, lng=90.43
Found 52 rides matching criteria.
2026-02-06 04:10:02 - GET request from user 3 (type: rider)
Params: lat=23.81, lng=90.43
Found 52 rides matching criteria.
2026-02-06 04:10:07 - GET request from user 3 (type: rider)
Params: lat=23.81, lng=90.43
Found 52 rides matching criteria.
2026-02-06 04:10:12 - GET request from user 3 (type: rider)
Params: lat=23.81, lng=90.43
Found 52 rides matching criteria.
2026-02-06 04:10:17 - GET request from user 3 (type: rider)
Params: lat=23.81, lng=90.43
Found 52 rides matching criteria.
2026-02-06 04:10:22 - GET request from user 3 (type: rider)
Params: lat=23.81, lng=90.43
Found 52 rides matching criteria.
2026-02-06 04:10:27 - GET request from user 3 (type: rider)
Params: lat=23.81, lng=90.43
Found 52 rides matching criteria.
2026-02-06 04:10:32 - GET request from user 3 (type: rider)
Params: lat=23.81, lng=90.43
Found 52 rides matching criteria.
2026-02-06 04:10:37 - GET request from user 3 (type: rider)
Params: lat=23.81, lng=90.43
Found 52 rides matching criteria.
2026-02-06 04:10:42 - GET request from user 3 (type: rider)
Params: lat=23.81, lng=90.43
Found 52 rides matching criteria.
2026-02-06 04:10:47 - GET request from user 3 (type: rider)
Params: lat=23.81, lng=90.43
Found 52 rides matching criteria.
2026-02-06 04:10:52 - GET request from user 3 (type: rider)
Params: lat=23.81, lng=90.43
Found 52 rides matching criteria.
2026-02-06 04:10:57 - GET request from user 3 (type: rider)
Params: lat=23.81, lng=90.43
Found 52 rides matching criteria.
2026-02-06 04:11:02 - GET request from user 3 (type: rider)
Params: lat=23.81, lng=90.43
Found 52 rides matching criteria.
2026-02-06 04:11:07 - GET request from user 3 (type: rider)
Params: lat=23.81, lng=90.43
Found 52 rides matching criteria.
2026-02-06 04:11:12 - GET request from user 3 (type: rider)
Params: lat=23.81, lng=90.43
Found 52 rides matching criteria.
2026-02-06 04:11:17 - GET request from user 3 (type: rider)
Params: lat=23.81, lng=90.43
Found 52 rides matching criteria.
2026-02-06 04:11:22 - GET request from user 3 (type: rider)
Params: lat=23.81, lng=90.43
Found 52 rides matching criteria.
2026-02-06 04:11:27 - GET request from user 3 (type: rider)
Params: lat=23.81, lng=90.43
Found 52 rides matching criteria.
2026-02-06 04:11:32 - GET request from user 3 (type: rider)
Params: lat=23.81, lng=90.43
Found 52 rides matching criteria.
2026-02-06 04:11:37 - GET request from user 3 (type: rider)
Params: lat=23.81, lng=90.43
Found 52 rides matching criteria.
2026-02-06 04:11:42 - GET request from user 3 (type: rider)
Params: lat=23.81, lng=90.43
Found 52 rides matching criteria.
2026-02-06 04:11:47 - GET request from user 3 (type: rider)
Params: lat=23.81, lng=90.43
Found 52 rides matching criteria.
2026-02-06 04:11:52 - GET request from user 3 (type: rider)
Params: lat=23.81, lng=90.43
Found 52 rides matching criteria.
2026-02-06 04:11:57 - GET request from user 3 (type: rider)
Params: lat=23.81, lng=90.43
Found 52 rides matching criteria.
2026-02-06 04:12:02 - GET request from user 3 (type: rider)
Params: lat=23.81, lng=90.43
Found 52 rides matching criteria.
2026-02-06 04:12:07 - GET request from user 3 (type: rider)
Params: lat=23.81, lng=90.43
Found 52 rides matching criteria.
2026-02-06 04:12:12 - GET request from user 3 (type: rider)
Params: lat=23.81, lng=90.43
Found 52 rides matching criteria.
2026-02-06 04:12:17 - GET request from user 3 (type: rider)
Params: lat=23.81, lng=90.43
Found 52 rides matching criteria.
2026-02-06 04:12:22 - GET request from user 3 (type: rider)
Params: lat=23.81, lng=90.43
Found 52 rides matching criteria.
2026-02-06 04:12:27 - GET request from user 3 (type: rider)
Params: lat=23.81, lng=90.43
Found 52 rides matching criteria.
2026-02-06 04:12:32 - GET request from user 3 (type: rider)
Params: lat=23.81, lng=90.43
Found 52 rides matching criteria.
2026-02-06 04:12:37 - GET request from user 3 (type: rider)
Params: lat=23.81, lng=90.43
Found 52 rides matching criteria.
2026-02-06 04:12:42 - GET request from user 3 (type: rider)
Params: lat=23.81, lng=90.43
Found 52 rides matching criteria.
2026-02-06 04:12:47 - GET request from user 3 (type: rider)
Params: lat=23.81, lng=90.43
Found 52 rides matching criteria.
2026-02-06 04:12:52 - GET request from user 3 (type: rider)
Params: lat=23.81, lng=90.43
Found 52 rides matching criteria.
2026-02-06 04:12:57 - GET request from user 3 (type: rider)
Params: lat=23.81, lng=90.43
Found 52 rides matching criteria.
2026-02-06 04:13:02 - GET request from user 3 (type: rider)
Params: lat=23.81, lng=90.43
Found 52 rides matching criteria.
2026-02-06 04:13:07 - GET request from user 3 (type: rider)
Params: lat=23.81, lng=90.43
Found 52 rides matching criteria.
2026-02-06 04:13:12 - GET request from user 3 (type: rider)
Params: lat=23.81, lng=90.43
Found 52 rides matching criteria.
2026-02-06 04:13:17 - GET request from user 3 (type: rider)
Params: lat=23.81, lng=90.43
Found 52 rides matching criteria.
2026-02-06 04:13:22 - GET request from user 3 (type: rider)
Params: lat=23.81, lng=90.43
Found 52 rides matching criteria.
2026-02-06 04:13:27 - GET request from user 3 (type: rider)
Params: lat=23.81, lng=90.43
Found 52 rides matching criteria.
2026-02-06 04:13:32 - GET request from user 3 (type: rider)
Params: lat=23.81, lng=90.43
Found 52 rides matching criteria.
2026-02-06 04:13:37 - GET request from user 3 (type: rider)
Params: lat=23.81, lng=90.43
Found 52 rides matching criteria.
2026-02-06 04:13:42 - GET request from user 3 (type: rider)
Params: lat=23.81, lng=90.43
Found 52 rides matching criteria.
2026-02-06 04:13:47 - GET request from user 3 (type: rider)
Params: lat=23.81, lng=90.43
Found 52 rides matching criteria.
2026-02-06 04:13:52 - GET request from user 3 (type: rider)
Params: lat=23.81, lng=90.43
Found 52 rides matching criteria.
2026-02-06 04:13:57 - GET request from user 3 (type: rider)
Params: lat=23.81, lng=90.43
Found 52 rides matching criteria.
2026-02-06 04:14:02 - GET request from user 3 (type: rider)
Params: lat=23.81, lng=90.43
Found 52 rides matching criteria.
2026-02-06 04:14:07 - GET request from user 3 (type: rider)
Params: lat=23.81, lng=90.43
Found 52 rides matching criteria.
2026-02-06 04:14:12 - GET request from user 3 (type: rider)
Params: lat=23.81, lng=90.43
Found 52 rides matching criteria.
2026-02-06 04:14:17 - GET request from user 3 (type: rider)
Params: lat=23.81, lng=90.43
Found 52 rides matching criteria.
2026-02-06 04:14:22 - GET request from user 3 (type: rider)
Params: lat=23.81, lng=90.43
Found 52 rides matching criteria.
2026-02-06 04:14:27 - GET request from user 3 (type: rider)
Params: lat=23.81, lng=90.43
Found 52 rides matching criteria.
2026-02-06 04:14:32 - GET request from user 3 (type: rider)
Params: lat=23.81, lng=90.43
Found 52 rides matching criteria.
2026-02-06 04:14:37 - GET request from user 3 (type: rider)
Params: lat=23.81, lng=90.43
Found 52 rides matching criteria.
2026-02-06 04:14:42 - GET request from user 3 (type: rider)
Params: lat=23.81, lng=90.43
Found 52 rides matching criteria.
2026-02-06 04:14:47 - GET request from user 3 (type: rider)
Params: lat=23.81, lng=90.43
Found 52 rides matching criteria.
2026-02-06 04:14:52 - GET request from user 3 (type: rider)
Params: lat=23.81, lng=90.43
Found 52 rides matching criteria.
2026-02-06 04:14:57 - GET request from user 3 (type: rider)
Params: lat=23.81, lng=90.43
Found 52 rides matching criteria.
2026-02-06 04:15:02 - GET request from user 3 (type: rider)
Params: lat=23.81, lng=90.43
Found 52 rides matching criteria.
2026-02-06 04:15:07 - GET request from user 3 (type: rider)
Params: lat=23.81, lng=90.43
Found 52 rides matching criteria.
2026-02-06 04:15:12 - GET request from user 3 (type: rider)
Params: lat=23.81, lng=90.43
Found 52 rides matching criteria.
2026-02-06 04:15:17 - GET request from user 3 (type: rider)
Params: lat=23.81, lng=90.43
Found 52 rides matching criteria.
2026-02-06 04:15:22 - GET request from user 3 (type: rider)
Params: lat=23.81, lng=90.43
Found 52 rides matching criteria.
2026-02-06 04:15:27 - GET request from user 3 (type: rider)
Params: lat=23.81, lng=90.43
Found 52 rides matching criteria.
2026-02-06 04:15:32 - GET request from user 3 (type: rider)
Params: lat=23.81, lng=90.43
Found 52 rides matching criteria.
2026-02-06 04:15:37 - GET request from user 3 (type: rider)
Params: lat=23.81, lng=90.43
Found 52 rides matching criteria.
2026-02-06 04:15:42 - GET request from user 3 (type: rider)
Params: lat=23.81, lng=90.43
Found 52 rides matching criteria.
2026-02-06 04:15:47 - GET request from user 3 (type: rider)
Params: lat=23.81, lng=90.43
Found 52 rides matching criteria.
2026-02-06 04:15:52 - GET request from user 3 (type: rider)
Params: lat=23.81, lng=90.43
Found 52 rides matching criteria.
2026-02-06 04:15:57 - GET request from user 3 (type: rider)
Params: lat=23.81, lng=90.43
Found 52 rides matching criteria.
2026-02-06 04:16:02 - GET request from user 3 (type: rider)
Params: lat=23.81, lng=90.43
Found 52 rides matching criteria.
2026-02-06 04:16:07 - GET request from user 3 (type: rider)
Params: lat=23.81, lng=90.43
Found 52 rides matching criteria.
2026-02-06 04:16:12 - GET request from user 3 (type: rider)
Params: lat=23.81, lng=90.43
Found 52 rides matching criteria.
2026-02-06 04:16:17 - GET request from user 3 (type: rider)
Params: lat=23.81, lng=90.43
Found 52 rides matching criteria.
2026-02-06 04:16:22 - GET request from user 3 (type: rider)
Params: lat=23.81, lng=90.43
Found 52 rides matching criteria.
2026-02-06 04:16:27 - GET request from user 3 (type: rider)
Params: lat=23.81, lng=90.43
Found 52 rides matching criteria.
2026-02-06 04:16:32 - GET request from user 3 (type: rider)
Params: lat=23.81, lng=90.43
Found 52 rides matching criteria.
2026-02-06 04:16:37 - GET request from user 3 (type: rider)
Params: lat=23.81, lng=90.43
Found 52 rides matching criteria.
2026-02-06 04:16:42 - GET request from user 3 (type: rider)
Params: lat=23.81, lng=90.43
Found 52 rides matching criteria.
2026-02-06 04:16:47 - GET request from user 3 (type: rider)
Params: lat=23.81, lng=90.43
Found 52 rides matching criteria.
2026-02-06 04:16:52 - GET request from user 3 (type: rider)
Params: lat=23.81, lng=90.43
Found 52 rides matching criteria.
2026-02-06 04:16:57 - GET request from user 3 (type: rider)
Params: lat=23.81, lng=90.43
Found 52 rides matching criteria.
2026-02-06 04:17:02 - GET request from user 3 (type: rider)
Params: lat=23.81, lng=90.43
Found 52 rides matching criteria.
2026-02-06 04:17:07 - GET request from user 3 (type: rider)
Params: lat=23.81, lng=90.43
Found 52 rides matching criteria.
2026-02-06 04:17:12 - GET request from user 3 (type: rider)
Params: lat=23.81, lng=90.43
Found 52 rides matching criteria.
2026-02-06 04:17:17 - GET request from user 3 (type: rider)
Params: lat=23.81, lng=90.43
Found 52 rides matching criteria.
2026-02-06 04:17:22 - GET request from user 3 (type: rider)
Params: lat=23.81, lng=90.43
Found 52 rides matching criteria.
2026-02-06 04:17:27 - GET request from user 3 (type: rider)
Params: lat=23.81, lng=90.43
Found 52 rides matching criteria.
2026-02-06 04:17:32 - GET request from user 3 (type: rider)
Params: lat=23.81, lng=90.43
Found 52 rides matching criteria.
2026-02-06 04:17:37 - GET request from user 3 (type: rider)
Params: lat=23.81, lng=90.43
Found 52 rides matching criteria.
2026-02-06 04:17:42 - GET request from user 3 (type: rider)
Params: lat=23.81, lng=90.43
Found 52 rides matching criteria.
2026-02-06 04:17:47 - GET request from user 3 (type: rider)
Params: lat=23.81, lng=90.43
Found 52 rides matching criteria.
2026-02-06 04:17:52 - GET request from user 3 (type: rider)
Params: lat=23.81, lng=90.43
Found 52 rides matching criteria.
2026-02-06 04:17:57 - GET request from user 3 (type: rider)
Params: lat=23.81, lng=90.43
Found 52 rides matching criteria.
2026-02-06 04:18:02 - GET request from user 3 (type: rider)
Params: lat=23.81, lng=90.43
Found 52 rides matching criteria.
2026-02-06 04:18:07 - GET request from user 3 (type: rider)
Params: lat=23.81, lng=90.43
Found 52 rides matching criteria.
2026-02-06 04:18:12 - GET request from user 3 (type: rider)
Params: lat=23.81, lng=90.43
Found 52 rides matching criteria.
2026-02-06 04:18:17 - GET request from user 3 (type: rider)
Params: lat=23.81, lng=90.43
Found 52 rides matching criteria.
2026-02-06 04:18:22 - GET request from user 3 (type: rider)
Params: lat=23.81, lng=90.43
Found 52 rides matching criteria.
2026-02-06 04:18:27 - GET request from user 3 (type: rider)
Params: lat=23.81, lng=90.43
Found 52 rides matching criteria.
2026-02-06 04:18:32 - GET request from user 3 (type: rider)
Params: lat=23.81, lng=90.43
Found 52 rides matching criteria.
2026-02-06 04:18:37 - GET request from user 3 (type: rider)
Params: lat=23.81, lng=90.43
Found 52 rides matching criteria.
2026-02-06 04:18:42 - GET request from user 3 (type: rider)
Params: lat=23.81, lng=90.43
Found 52 rides matching criteria.
2026-02-06 04:18:47 - GET request from user 3 (type: rider)
Params: lat=23.81, lng=90.43
Found 52 rides matching criteria.
2026-02-06 04:18:52 - GET request from user 3 (type: rider)
Params: lat=23.81, lng=90.43
Found 52 rides matching criteria.
2026-02-06 04:18:57 - GET request from user 3 (type: rider)
Params: lat=23.81, lng=90.43
Found 52 rides matching criteria.
2026-02-06 04:19:02 - GET request from user 3 (type: rider)
Params: lat=23.81, lng=90.43
Found 52 rides matching criteria.
2026-02-06 04:19:07 - GET request from user 3 (type: rider)
Params: lat=23.81, lng=90.43
Found 52 rides matching criteria.
2026-02-06 04:19:12 - GET request from user 3 (type: rider)
Params: lat=23.81, lng=90.43
Found 52 rides matching criteria.
2026-02-06 04:19:17 - GET request from user 3 (type: rider)
Params: lat=23.81, lng=90.43
Found 52 rides matching criteria.
2026-02-06 04:19:22 - GET request from user 3 (type: rider)
Params: lat=23.81, lng=90.43
Found 52 rides matching criteria.
2026-02-06 04:19:27 - GET request from user 3 (type: rider)
Params: lat=23.81, lng=90.43
Found 52 rides matching criteria.
2026-02-06 04:19:32 - GET request from user 3 (type: rider)
Params: lat=23.81, lng=90.43
Found 52 rides matching criteria.
2026-02-06 04:19:37 - GET request from user 3 (type: rider)
Params: lat=23.81, lng=90.43
Found 52 rides matching criteria.
2026-02-06 04:19:42 - GET request from user 3 (type: rider)
Params: lat=23.81, lng=90.43
Found 52 rides matching criteria.
2026-02-06 04:19:47 - GET request from user 3 (type: rider)
Params: lat=23.81, lng=90.43
Found 52 rides matching criteria.
2026-02-06 04:19:52 - GET request from user 3 (type: rider)
Params: lat=23.81, lng=90.43
Found 52 rides matching criteria.
2026-02-06 04:19:57 - GET request from user 3 (type: rider)
Params: lat=23.81, lng=90.43
Found 52 rides matching criteria.
2026-02-06 04:20:02 - GET request from user 3 (type: rider)
Params: lat=23.81, lng=90.43
Found 52 rides matching criteria.
2026-02-06 04:20:07 - GET request from user 3 (type: rider)
Params: lat=23.81, lng=90.43
Found 52 rides matching criteria.
2026-02-06 04:20:12 - GET request from user 3 (type: rider)
Params: lat=23.81, lng=90.43
Found 52 rides matching criteria.
2026-02-06 04:20:17 - GET request from user 3 (type: rider)
Params: lat=23.81, lng=90.43
Found 52 rides matching criteria.
2026-02-06 04:20:22 - GET request from user 3 (type: rider)
Params: lat=23.81, lng=90.43
Found 52 rides matching criteria.
2026-02-06 04:20:27 - GET request from user 3 (type: rider)
Params: lat=23.81, lng=90.43
Found 52 rides matching criteria.
2026-02-06 04:20:32 - GET request from user 3 (type: rider)
Params: lat=23.81, lng=90.43
Found 52 rides matching criteria.
2026-02-06 04:20:37 - GET request from user 3 (type: rider)
Params: lat=23.81, lng=90.43
Found 52 rides matching criteria.
2026-02-06 04:20:42 - GET request from user 3 (type: rider)
Params: lat=23.81, lng=90.43
Found 52 rides matching criteria.
2026-02-06 04:20:47 - GET request from user 3 (type: rider)
Params: lat=23.81, lng=90.43
Found 52 rides matching criteria.
2026-02-06 04:20:52 - GET request from user 3 (type: rider)
Params: lat=23.81, lng=90.43
Found 52 rides matching criteria.
2026-02-06 04:20:57 - GET request from user 3 (type: rider)
Params: lat=23.81, lng=90.43
Found 52 rides matching criteria.
2026-02-06 04:21:02 - GET request from user 3 (type: rider)
Params: lat=23.81, lng=90.43
Found 52 rides matching criteria.
2026-02-06 04:21:07 - GET request from user 3 (type: rider)
Params: lat=23.81, lng=90.43
Found 52 rides matching criteria.
2026-02-06 04:21:12 - GET request from user 3 (type: rider)
Params: lat=23.81, lng=90.43
Found 52 rides matching criteria.
2026-02-06 04:21:17 - GET request from user 3 (type: rider)
Params: lat=23.81, lng=90.43
Found 52 rides matching criteria.
2026-02-06 04:21:22 - GET request from user 3 (type: rider)
Params: lat=23.81, lng=90.43
Found 52 rides matching criteria.
2026-02-06 04:21:27 - GET request from user 3 (type: rider)
Params: lat=23.81, lng=90.43
Found 52 rides matching criteria.
2026-02-06 04:21:32 - GET request from user 3 (type: rider)
Params: lat=23.81, lng=90.43
Found 52 rides matching criteria.
2026-02-06 04:21:37 - GET request from user 3 (type: rider)
Params: lat=23.81, lng=90.43
Found 52 rides matching criteria.
2026-02-06 04:21:42 - GET request from user 3 (type: rider)
Params: lat=23.81, lng=90.43
Found 52 rides matching criteria.
2026-02-06 04:21:47 - GET request from user 3 (type: rider)
Params: lat=23.81, lng=90.43
Found 52 rides matching criteria.
2026-02-06 04:21:52 - GET request from user 3 (type: rider)
Params: lat=23.81, lng=90.43
Found 52 rides matching criteria.
2026-02-06 04:21:57 - GET request from user 3 (type: rider)
Params: lat=23.81, lng=90.43
Found 52 rides matching criteria.
2026-02-06 04:22:02 - GET request from user 3 (type: rider)
Params: lat=23.81, lng=90.43
Found 52 rides matching criteria.
2026-02-06 04:22:07 - GET request from user 3 (type: rider)
Params: lat=23.81, lng=90.43
Found 52 rides matching criteria.
